key	species	dataset	is_terrestrial	genus	is_terrestrial_orig	n_occ	range
Acyrthosiphon pisum	Acyrthosiphon pisum	Leffler	TRUE	Acyrthosiphon	TRUE	2512	12045072.421827307
Aedes aegypti	Aedes aegypti	Leffler	TRUE	Aedes	TRUE	30000	38292658.52071776
Agelaius phoeniceus	Agelaius phoeniceus	Leffler	TRUE	Agelaius	TRUE	30000	13170324.908019817
Ailuropoda melanoleuca	Ailuropoda melanoleuca	Leffler	TRUE	Ailuropoda	TRUE	130	1413794.051074382
Amphimedon queenslandica	Amphimedon queenslandica	Leffler	FALSE	Amphimedon	FALSE	30000	3013.946997585753
Anopheles arabiensis	Anopheles arabiensis	Leffler	TRUE	Anopheles	TRUE	2532	10164155.78185777
Anopheles baimaii	Anopheles baimaii	Leffler	TRUE	Anopheles	TRUE	210	43964.05118162883
Anopheles cruzii	Anopheles cruzii	Leffler	TRUE	Anopheles	TRUE	574	11816.130877031494
Anopheles dirus	Anopheles dirus	Leffler	TRUE	Anopheles	TRUE	584	910573.0740678933
Anopheles gambiae	Anopheles gambiae	Leffler	TRUE	Anopheles	TRUE	12882	13194801.659879312
Anopheles melas	Anopheles melas	Leffler	TRUE	Anopheles	TRUE	277	746277.8284228529
Anopheles merus	Anopheles merus	Leffler	TRUE	Anopheles	TRUE	198	901186.6524335932
Anopheles quadriannulatus	Anopheles quadriannulatus	Leffler	TRUE	Anopheles	TRUE	216	927832.6391070845
Anopheles scanloni	Anopheles scanloni	Leffler	TRUE	Anopheles	FALSE	115	-Inf
Aphanarthrum subglabrum/glabrum	Aphanarthrum subglabrum	Leffler	FALSE	Aphanarthrum	FALSE	4	-Inf
Aphanarthrum subglabrum/glabrum	Aphanarthrum glabrum	Leffler	FALSE	Aphanarthrum	FALSE	8	-Inf
Apis cerana	Apis cerana	Leffler	TRUE	Apis	TRUE	7757	10864606.641241739
Apis mellifera	Apis mellifera	Leffler	TRUE	Apis	TRUE	30000	52360215.46708046
Aquila clanga/pomarina	Aquila clanga	Leffler	TRUE	Aquila	TRUE	30000	25120868.78868026
Aquila clanga/pomarina	Aquila pomarina	Leffler	TRUE	Aquila	TRUE	30000	17773192.86602436
Aquilegia formosa/pubescens	Aquilegia formosa	Leffler	TRUE	Aquilegia	TRUE	7753	3287450.682529588
Aquilegia formosa/pubescens	Aquilegia pubescens	Leffler	TRUE	Aquilegia	TRUE	554	332987.5092496992
Arabidopsis halleri	Arabidopsis halleri	Leffler	TRUE	Arabidopsis	FALSE	4182	2504180.509107287
Arabidopsis lyrata	Arabidopsis lyrata	Leffler	TRUE	Arabidopsis	TRUE	13836	16801166.452463422
Arabidopsis thaliana	Arabidopsis thaliana	Leffler	TRUE	Arabidopsis	TRUE	30116	12749423.283203306
Bactrocera depressa	Bactrocera depressa	Leffler	TRUE	Bactrocera	TRUE	60	221069.04070165256
Balaenoptera bonaerensis	Balaenoptera bonaerensis	Leffler	FALSE	Balaenoptera	FALSE	868	183147531.23955068
Boechera stricta	Boechera stricta	Leffler	TRUE	Boechera	TRUE	3545	8639865.712139728
Caenorhabditis briggsae	Caenorhabditis briggsae	Leffler	TRUE	Caenorhabditis	FALSE	66	-Inf
Caenorhabditis elegans	Caenorhabditis elegans	Leffler	TRUE	Caenorhabditis	TRUE	26	11043400
Caenorhabditis remanei	Caenorhabditis remanei	Leffler	TRUE	Caenorhabditis	FALSE	3	-Inf
Callithrix jacchus	Callithrix jacchus	Leffler	TRUE	Callithrix	TRUE	1026	966535.5153203342
Canis latrans/lupus	Canis latrans	Leffler	TRUE	Canis	TRUE	30000	13676282.852331135
Canis latrans/lupus	Canis lupus	Leffler	TRUE	Canis	TRUE	30000	63514902.46829881
Capsella grandiflora	Capsella grandiflora	Leffler	TRUE	Capsella	TRUE	207	51903.66685189125
Capsella rubella	Capsella rubella	Leffler	TRUE	Capsella	TRUE	8660	3233869.9641888705
Cecidostiba fungosa	Cecidostiba fungosa	Leffler	TRUE	Cecidostiba	TRUE	109	72617.60168997907
Ceratitis capitata	Ceratitis capitata	Leffler	TRUE	Ceratitis	TRUE	4018	33626612.96711019
Chlamydomonas reinhardtii	Chlamydomonas reinhardtii	Leffler	TRUE	Chlamydomonas	TRUE	43	NA
Chlorocebus aethiops	Chlorocebus aethiops	Leffler	TRUE	Chlorocebus	TRUE	2026	1117444.8341836734
Cichla pleiozona	Cichla pleiozona	Leffler	TRUE	Cichla	TRUE	51	431868.1521836001
Ciona intestinalis A	Ciona intestinalis	Leffler	FALSE	Ciona	TRUE	6327	4567171.297414835
Ciona roulei	Ciona roulei	Leffler	FALSE	Ciona	FALSE	17	-Inf
Ciona savignyi	Ciona savignyi	Leffler	FALSE	Ciona	TRUE	376	410324.63060255075
Crassostrea gigas	Crassostrea gigas	Leffler	FALSE	Crassostrea	TRUE	3271	35914718.28521435
Cryptococcus neoformans	Cryptococcus neoformans	Leffler	TRUE	Cryptococcus	TRUE	1199	6499645.761759206
Cryptomeria japonica	Cryptomeria japonica	Leffler	TRUE	Cryptomeria	FALSE	9161	12404178.774064591
Daphnia magna	Daphnia magna	Leffler	TRUE	Daphnia	TRUE	1886	399775.58467424125
Daphnia obtusa	Daphnia obtusa	Leffler	TRUE	Daphnia	TRUE	774	67891.11946487881
Daphnia pulex	Daphnia pulex	Leffler	TRUE	Daphnia	TRUE	2233	167060.00095716948
Daphnia pulicaria	Daphnia pulicaria	Leffler	TRUE	Daphnia	TRUE	293	74867.40138298989
Dasypus novemcinctus	Dasypus novemcinctus	Leffler	TRUE	Dasypus	TRUE	11531	18875006.13709979
Daubentonia madagascariensis	Daubentonia madagascariensis	Leffler	TRUE	Daubentonia	TRUE	207	72212.86452059278
Drosophila americana	Drosophila americana	Leffler	TRUE	Drosophila	TRUE	477	2355247
Drosophila ananassae	Drosophila ananassae	Leffler	TRUE	Drosophila	FALSE	642	29019296.051713858
Drosophila arizonae	Drosophila arizonae	Leffler	TRUE	Drosophila	FALSE	1	1542211
Drosophila bipectinata	Drosophila bipectinata	Leffler	TRUE	Drosophila	TRUE	351	8630082
Drosophila buzzatii	Drosophila buzzatii	Leffler	TRUE	Drosophila	TRUE	125	3296657.992567754
Drosophila kikkawai	Drosophila kikkawai	Leffler	TRUE	Drosophila	FALSE	45	21189061
Drosophila malerkotliana	Drosophila malerkotliana	Leffler	TRUE	Drosophila	TRUE	62	10500000
Drosophila melanogaster	Drosophila melanogaster	Leffler	TRUE	Drosophila	FALSE	1715	89127781.9717024
Drosophila miranda	Drosophila miranda	Leffler	TRUE	Drosophila	FALSE	4	10440
Drosophila mojavensis	Drosophila mojavensis	Leffler	TRUE	Drosophila	FALSE	3	567011
Drosophila navojoa	Drosophila navojoa	Leffler	TRUE	Drosophila	FALSE	6	-Inf
Drosophila novamexicana	Drosophila novamexicana	Leffler	TRUE	Drosophila	FALSE	1	130000
Drosophila parabipectinata	Drosophila parabipectinata	Leffler	TRUE	Drosophila	FALSE	8	6537563
Drosophila persimilis	Drosophila persimilis	Leffler	TRUE	Drosophila	FALSE	15	624127
Drosophila pseudoananassae	Drosophila pseudoananassae	Leffler	TRUE	Drosophila	FALSE	6	-Inf
Drosophila pseudoobscura	Drosophila pseudoobscura	Leffler	TRUE	Drosophila	TRUE	203	4061961
Drosophila sechellia	Drosophila sechellia	Leffler	TRUE	Drosophila	FALSE	64	282
Drosophila simulans	Drosophila simulans	Leffler	TRUE	Drosophila	FALSE	604	81407482.0928688
Drosophila subobscura	Drosophila subobscura	Leffler	TRUE	Drosophila	TRUE	2139	11771198
Eichhornia paniculata	Eichhornia paniculata	Leffler	TRUE	Eichhornia	TRUE	557	3679669.4746415657
Eschrichtius robustus	Eschrichtius robustus	Leffler	FALSE	Eschrichtius	TRUE	4349	34596350.61343314
Eulemur coronatus	Eulemur coronatus	Leffler	TRUE	Eulemur	TRUE	129	108447.68716176625
Eulemur mongoz	Eulemur mongoz	Leffler	TRUE	Eulemur	TRUE	304	61917.478394298865
Ficedula albicollis	Ficedula albicollis	Leffler	TRUE	Ficedula	FALSE	30097	10582899.949479345
Ficedula hypoleuca	Ficedula hypoleuca	Leffler	TRUE	Ficedula	TRUE	30000	8295396.076817775
Galago moholi	Galago moholi	Leffler	TRUE	Galago	TRUE	762	4297717.892670701
Gasterosteus aculeatus	Gasterosteus aculeatus	Leffler	TRUE	Gasterosteus	TRUE	30000	7133344.678165074
Gorilla beringei/gorilla	Gorilla beringei	Leffler	TRUE	Gorilla	TRUE	401	52004.55223675302
Gorilla beringei/gorilla	Gorilla gorilla	Leffler	TRUE	Gorilla	TRUE	1254	1592308.8266702762
Gryllus firmus	Gryllus firmus	Leffler	TRUE	Gryllus	TRUE	180	154135.35905675904
Gryllus pennsylvanicus	Gryllus pennsylvanicus	Leffler	TRUE	Gryllus	TRUE	1578	7243890.37336653
Gulo gulo	Gulo gulo	Leffler	TRUE	Gulo	TRUE	26458	13443926.270702684
Heliconius cydno	Heliconius cydno	Leffler	TRUE	Heliconius	TRUE	1543	912897.7993618869
Heliconius hecale	Heliconius hecale	Leffler	TRUE	Heliconius	TRUE	1161	5797144.834759731
Heliconius melpomene	Heliconius melpomene	Leffler	TRUE	Heliconius	TRUE	2437	9487342.207900908
Heliconius pachinus	Heliconius pachinus	Leffler	TRUE	Heliconius	TRUE	122	30375.286990051634
Histoplasma capsulatum	Histoplasma capsulatum	Leffler	TRUE	Histoplasma	TRUE	193	NA
Homo sapiens	Homo sapiens	Leffler	TRUE	Homo	TRUE	30000	496890000
Hoolock leuconedys	Hoolock leuconedys	Leffler	TRUE	Hoolock	FALSE	11	-Inf
Hylobates agilis/lar/moloch/pileatus	Hylobates agilis	Leffler	TRUE	Hylobates	TRUE	230	313514.97990514804
Hylobates agilis/lar/moloch/pileatus	Hylobates lar	Leffler	TRUE	Hylobates	TRUE	976	2315192.542389123
Hylobates agilis/lar/moloch/pileatus	Hylobates moloch	Leffler	TRUE	Hylobates	TRUE	264	19434.776063529822
Hylobates agilis/lar/moloch/pileatus	Hylobates pileatus	Leffler	TRUE	Hylobates	TRUE	204	69731.4627617762
Ixodes ricinus	Ixodes ricinus	Leffler	TRUE	Ixodes	TRUE	4355	5193464.308828457
Limenitis arthemis	Limenitis arthemis	Leffler	TRUE	Limenitis	TRUE	12351	14883418.140798511
Lutzomyia intermedia	Lutzomyia intermedia	Leffler	TRUE	Lutzomyia	TRUE	101	-Inf
Lutzomyia whitmani	Lutzomyia whitmani	Leffler	TRUE	Lutzomyia	TRUE	31	0
Lynx lynx	Lynx lynx	Leffler	TRUE	Lynx	TRUE	30000	6196196.665221658
Macaca mulatta	Macaca mulatta	Leffler	TRUE	Macaca	TRUE	2176	8184231.720724102
Malurus melanocephalus	Malurus melanocephalus	Leffler	TRUE	Malurus	TRUE	30000	2846577.416781164
Melanoplus oregonensis	Melanoplus oregonensis	Leffler	TRUE	Melanoplus	TRUE	255	756537.6879253958
Mesobuthus cyprius/gibbosus	Mesobuthus cyprius	Leffler	TRUE	Mesobuthus	TRUE	9	1513.5202327492066
Mesobuthus cyprius/gibbosus	Mesobuthus gibbosus	Leffler	TRUE	Mesobuthus	TRUE	265	191114.21874267963
Monodelphis domestica	Monodelphis domestica	Leffler	TRUE	Monodelphis	TRUE	401	2240342.8515600786
Mus musculus castaneus	Mus musculus	Leffler	TRUE	Mus	TRUE	30000	36172053.41266696
Nasonia vitripennis	Nasonia vitripennis	Leffler	TRUE	Nasonia	TRUE	465	20014000
Neurospora crassa	Neurospora crassa	Leffler	TRUE	Neurospora	TRUE	178	NA
Nomascus gabriellae/leucogenys	Nomascus gabriellae	Leffler	TRUE	Nomascus	TRUE	36	8235.452246640265
Nomascus gabriellae/leucogenys	Nomascus leucogenys	Leffler	TRUE	Nomascus	TRUE	87	299958.4268198365
Nycticebus coucang	Nycticebus coucang	Leffler	TRUE	Nycticebus	TRUE	535	3179998.8262622626
Oncorhynchus tshawytscha	Oncorhynchus tshawytscha	Leffler	TRUE	Oncorhynchus	FALSE	30000	5806199.368720492
Oryctolagus cuniculus	Oryctolagus cuniculus	Leffler	TRUE	Oryctolagus	TRUE	30000	16081332.234121868
Pan paniscus	Pan paniscus	Leffler	TRUE	Pan	TRUE	148	275418.3213953663
Pan troglodytes	Pan troglodytes	Leffler	TRUE	Pan	TRUE	5503	5056257.975882896
Papilio dardanus	Papilio dardanus	Leffler	FALSE	Papilio	FALSE	4718	8653984.973320724
Paracoccidioides brasiliensis PS2/PS3/S1	Paracoccidioides brasiliensis	Leffler	TRUE	Paracoccidioides	TRUE	112	NA
Paracoccidioides lutzii	Paracoccidioides lutzii	Leffler	TRUE	Paracoccidioides	TRUE	1	NA
Paramecium sexaurelia	Paramecium sexaurelia	Leffler	FALSE	Paramecium	FALSE	3	-Inf
Paramecium tetraurelia	Paramecium tetraurelia	Leffler	FALSE	Paramecium	FALSE	2	-Inf
Peromyscus maniculatus	Peromyscus maniculatus	Leffler	TRUE	Peromyscus	TRUE	30000	13757084.260653147
Phlebotomus ariasi	Phlebotomus ariasi	Leffler	TRUE	Phlebotomus	TRUE	35	-Inf
Phytophthora capsici	Phytophthora capsici	Leffler	TRUE	Phytophthora	TRUE	123	NA
Phytophthora infestans	Phytophthora infestans	Leffler	TRUE	Phytophthora	TRUE	1031	NA
Picea abies	Picea abies	Leffler	TRUE	Picea	TRUE	30025	11444566.186756022
Picea breweriana	Picea breweriana	Leffler	TRUE	Picea	TRUE	525	579366.9452535058
Picea glauca	Picea glauca	Leffler	TRUE	Picea	TRUE	10154	16913760.26911772
Picea mariana	Picea mariana	Leffler	TRUE	Picea	TRUE	4649	12881494.105876226
Pieris rapae	Pieris rapae	Leffler	TRUE	Pieris	TRUE	30000	24337322.293297485
Pinus pinaster	Pinus pinaster	Leffler	TRUE	Pinus	TRUE	30147	73091.46532789458
Pinus radiata	Pinus radiata	Leffler	TRUE	Pinus	TRUE	29378	4741751.258822679
Pinus sylvestris	Pinus sylvestris	Leffler	TRUE	Pinus	TRUE	30250	15723591.763232494
Pinus taeda	Pinus taeda	Leffler	TRUE	Pinus	FALSE	3605	5286697.870062815
Plasmodium falciparum	Plasmodium falciparum	Leffler	TRUE	Plasmodium	TRUE	7427	NA
Pongo abelii/pygmaeus	Pongo abelii	Leffler	TRUE	Pongo	TRUE	181	16775
Pongo abelii/pygmaeus	Pongo pygmaeus	Leffler	TRUE	Pongo	TRUE	1661	97716
Populus balsamifera	Populus balsamifera	Leffler	TRUE	Populus	TRUE	22868	18886118.851660404
Populus tremula	Populus tremula	Leffler	TRUE	Populus	TRUE	30000	20464576.92487735
Populus trichocarpa	Populus trichocarpa	Leffler	TRUE	Populus	TRUE	11684	4620738.0350176515
Propithecus coquereli	Propithecus coquereli	Leffler	TRUE	Propithecus	TRUE	72	58890.21977360684
Saccharomyces cerevisiae	Saccharomyces cerevisiae	Leffler	TRUE	Saccharomyces	FALSE	3244	NA
Saccharomyces paradoxus	Saccharomyces paradoxus	Leffler	TRUE	Saccharomyces	FALSE	299	NA
Sceloporus undulatus	Sceloporus undulatus	Leffler	TRUE	Sceloporus	TRUE	29845	6628873.712770196
Silene latifolia	Silene latifolia	Leffler	TRUE	Silene	TRUE	30000	20530343.309306603
Sistrurus catenatus	Sistrurus catenatus	Leffler	TRUE	Sistrurus	TRUE	4235	4315816.817080151
Spermophilus parryii	Spermophilus parryii	Leffler	TRUE	Spermophilus	TRUE	1747	3535016.5310139745
Strongylocentrotus droebachiensis	Strongylocentrotus droebachiensis	Leffler	FALSE	Strongylocentrotus	FALSE	4054	27073070.970619414
Strongylocentrotus pallidus	Strongylocentrotus pallidus	Leffler	FALSE	Strongylocentrotus	FALSE	478	14432526.170952301
Strongylocentrotus purpuratus	Strongylocentrotus purpuratus	Leffler	FALSE	Strongylocentrotus	TRUE	2559	8175203.216182709
Symphalangus syndactylus	Symphalangus syndactylus	Leffler	TRUE	Symphalangus	TRUE	432	463634.1632805474
Taeniopygia guttata	Taeniopygia guttata	Leffler	TRUE	Taeniopygia	TRUE	30000	9963861.989970457
Takifugu rubripes	Takifugu rubripes	Leffler	FALSE	Takifugu	FALSE	169	2195138.166343842
Tupaia belangeri	Tupaia belangeri	Leffler	TRUE	Tupaia	TRUE	819	2591614.289443956
Varecia variegata variegata	Varecia variegata	Leffler	TRUE	Varecia	TRUE	1344	158267.23594783468
Zonotrichia albicollis	Zonotrichia albicollis	Leffler	TRUE	Zonotrichia	TRUE	30000	10863302.335520798
Acacia mangium	Acacia mangium	Stapley	TRUE	Acacia	TRUE	1282	12399543.598413756
Acromyrmex echinatior	Acromyrmex echinatior	Stapley	TRUE	Acromyrmex	TRUE	105	414308.5250288181
Acropora millepora	Acropora millepora	Stapley	FALSE	Acropora	FALSE	1613	62416159.05944288
Actinidia chinensis	Actinidia chinensis	Stapley	TRUE	Actinidia	TRUE	2324	5630444.105172328
Aedes albopictus	Aedes albopictus	Stapley	TRUE	Aedes	TRUE	30000	27911590.92003886
Aegilops sharonensis	Aegilops sharonensis	Stapley	TRUE	Aegilops	TRUE	926	43919.78487514208
Aegilops tauschii	Aegilops tauschii	Stapley	TRUE	Aegilops	TRUE	5513	6594872.429615874
Aegilops umbellulata	Aegilops umbellulata	Stapley	TRUE	Aegilops	TRUE	1308	1777266.1175973685
Agaricus bisporus	Agaricus bisporus	Stapley	TRUE	Agaricus	TRUE	1551	6258575.1232095035
Agrostis capillaris	Agrostis capillaris	Stapley	TRUE	Agrostis	TRUE	30007	7734464.332981791
Agrostis stolonifera	Agrostis stolonifera	Stapley	TRUE	Agrostis	FALSE	30002	14002069.930392003
Allium cepa	Allium cepa	Stapley	TRUE	Allium	TRUE	17735	52079257.83313718
Amaranthus hybridus	Amaranthus hybridus	Stapley	TRUE	Amaranthus	FALSE	30002	43250953.73377271
Ambystoma tigrinum	Ambystoma tigrinum	Stapley	TRUE	Ambystoma	TRUE	14252	9199984.506841406
Ananas comosus	Ananas comosus	Stapley	TRUE	Ananas	FALSE	11401	24356515.74182128
Anas platyrhynchos	Anas platyrhynchos	Stapley	TRUE	Anas	TRUE	30000	18560060.839350823
Anguilla japonica	Anguilla japonica	Stapley	FALSE	Anguilla	FALSE	5533	10067876.271851877
Anopheles funestus	Anopheles funestus	Stapley	TRUE	Anopheles	TRUE	2517	479617.1503047994
Anoplopoma fimbria	Anoplopoma fimbria	Stapley	FALSE	Anoplopoma	FALSE	4211	19887093.9568192
Apostichopus japonicus	Apostichopus japonicus	Stapley	FALSE	Apostichopus	FALSE	190	717411.3329405262
Arachis duranensis	Arachis duranensis	Stapley	TRUE	Arachis	TRUE	992	1025883.7721985113
Arachis hypogaea	Arachis hypogaea	Stapley	TRUE	Arachis	TRUE	30000	64143898.82508784
Argopecten irradians	Argopecten irradians	Stapley	FALSE	Argopecten	FALSE	4744	258190.56910569104
Aristichthys nobilis	Aristichthys nobilis	Stapley	TRUE	Aristichthys	TRUE	73	708578.8744558458
Artemia franciscana	Artemia franciscana	Stapley	TRUE	Artemia	TRUE	277	937965.608768734
Ascochyta rabiei	Ascochyta rabiei	Stapley	FALSE	Ascochyta	FALSE	46	-Inf
Aspergillus nidulans	Aspergillus nidulans	Stapley	TRUE	Aspergillus	TRUE	1279	3877969.5722754914
Astatotilapia burtoni	Astatotilapia burtoni	Stapley	TRUE	Astatotilapia	TRUE	868	122062.31590335336
Astyanax mexicanus	Astyanax mexicanus	Stapley	TRUE	Astyanax	TRUE	7361	3049714.4046703125
Avena sativa	Avena sativa	Stapley	TRUE	Avena	TRUE	30009	31011874.348292544
Bactrocera cucurbitae	Bactrocera cucurbitae	Stapley	TRUE	Bactrocera	TRUE	1855	15712967.329282722
Barbarea vulgaris	Barbarea vulgaris	Stapley	TRUE	Barbarea	TRUE	60000	17085413.679444462
Begonia plebeja	Begonia plebeja	Stapley	TRUE	Begonia	TRUE	127	594617.7184877584
Beta vulgaris	Beta vulgaris	Stapley	TRUE	Beta	TRUE	30000	28610100.45444949
Betula pendula	Betula pendula	Stapley	TRUE	Betula	TRUE	30000	15629283.980576867
Bicyclus anynana	Bicyclus anynana	Stapley	TRUE	Bicyclus	TRUE	249	3583581.4856161647
Bison bison	Bison bison	Stapley	TRUE	Bison	TRUE	11464	143253
Biston betularia	Biston betularia	Stapley	TRUE	Biston	TRUE	30000	15679141.71172903
Boehmeria nivea	Boehmeria nivea	Stapley	TRUE	Boehmeria	TRUE	5709	10331542.350197313
Bombus terrestris	Bombus terrestris	Stapley	TRUE	Bombus	TRUE	30000	7528845.598946439
Bombyx mori	Bombyx mori	Stapley	TRUE	Bombyx	FALSE	1699	731462.0345862951
Bos taurus	Bos taurus	Stapley	TRUE	Bos	TRUE	26178	21136964.05452326
Bracon hebetor	Bracon hebetor	Stapley	TRUE	Bracon	FALSE	156	836343.5348324344
Brassica campestris	Brassica campestris	Stapley	TRUE	Brassica	TRUE	2075	18098638.22689289
Brassica carinata	Brassica carinata	Stapley	TRUE	Brassica	TRUE	3029	3024522.585914589
Brassica juncea	Brassica juncea	Stapley	TRUE	Brassica	TRUE	13713	56414495.507187605
Brassica napus	Brassica napus	Stapley	TRUE	Brassica	TRUE	30000	27446702.28967427
Brassica oleracea	Brassica oleracea	Stapley	TRUE	Brassica	FALSE	30001	34599895.88900959
Brassica rapa	Brassica rapa	Stapley	TRUE	Brassica	TRUE	30000	60551983.05095398
Cajanus cajan	Cajanus cajan	Stapley	TRUE	Cajanus	TRUE	31748	44968747.91035091
Camelina sativa	Camelina sativa	Stapley	TRUE	Camelina	TRUE	10361	19342010.976861477
Camellia sinensis	Camellia sinensis	Stapley	TRUE	Camellia	TRUE	5392	14892855.197147284
Capra hircus	Capra hircus	Stapley	TRUE	Capra	TRUE	30000	29066193.22956699
Capsella bursa-pastoris	Capsella bursa-pastoris	Stapley	TRUE	Capsella	TRUE	47101	31729948.74657382
Capsicum annuum	Capsicum annuum	Stapley	TRUE	Capsicum	TRUE	30000	70879005.232816
Capsicum baccatum	Capsicum baccatum	Stapley	TRUE	Capsicum	FALSE	5085	15532014.522709655
Carassius auratus	Carassius auratus	Stapley	TRUE	Carassius	TRUE	30000	20481664.292363305
Carica papaya	Carica papaya	Stapley	TRUE	Carica	TRUE	6805	38275371.23363172
Carthamus tinctorius	Carthamus tinctorius	Stapley	TRUE	Carthamus	TRUE	10579	43867332.45651493
Castanea mollissima	Castanea mollissima	Stapley	TRUE	Castanea	TRUE	2613	6201767.124584475
Catharanthus roseus	Catharanthus roseus	Stapley	TRUE	Catharanthus	TRUE	7822	53566480.783756755
Ceratopteris richardii	Ceratopteris richardii	Stapley	TRUE	Ceratopteris	TRUE	123	414707.5460440913
Chenopodium quinoa	Chenopodium quinoa	Stapley	TRUE	Chenopodium	TRUE	2358	5732209.871248177
Chimonanthus praecox	Chimonanthus praecox	Stapley	TRUE	Chimonanthus	TRUE	799	4405576.226748117
Chlamys farreri	Chlamys farreri	Stapley	TRUE	Chlamys	TRUE	837	595714.4367361462
Cicer arietinum	Cicer arietinum	Stapley	TRUE	Cicer	TRUE	30000	31554249.868364714
Citrullus lanatus	Citrullus lanatus	Stapley	TRUE	Citrullus	TRUE	22869	87325368.46244785
Citrus clementina	Citrus clementina	Stapley	FALSE	Citrus	FALSE	155	-Inf
Citrus sinensis	Citrus sinensis	Stapley	TRUE	Citrus	TRUE	37	25583.639665392955
Clunio marinus	Clunio marinus	Stapley	TRUE	Clunio	TRUE	88	147339.535015986
Cocos nucifera	Cocos nucifera	Stapley	TRUE	Cocos	FALSE	6752	27022894.367707066
Coffea arabica	Coffea arabica	Stapley	TRUE	Coffea	FALSE	7344	29357442.640019856
Coprinus cinereus	Coprinus cinereus	Stapley	TRUE	Coprinus	TRUE	208	1059061.1654211306
Corchorus capsularis	Corchorus capsularis	Stapley	TRUE	Corchorus	TRUE	742	7523134.031983487
Corchorus olitorius	Corchorus olitorius	Stapley	TRUE	Corchorus	TRUE	4048	32908096.328600947
Coregonus clupeaformis	Coregonus clupeaformis	Stapley	TRUE	Coregonus	TRUE	10590	10830850.33086155
Cornus florida	Cornus florida	Stapley	TRUE	Cornus	TRUE	11183	5121463.498390935
Coturnix japonica	Coturnix japonica	Stapley	TRUE	Coturnix	TRUE	2385	12283943.24069518
Crassostrea virginica	Crassostrea virginica	Stapley	FALSE	Crassostrea	TRUE	3477	8594760.759528918
Crocodylus porosus	Crocodylus porosus	Stapley	TRUE	Crocodylus	TRUE	30000	4661146.350745649
Ctenopharyngodon idella	Ctenopharyngodon idella	Stapley	TRUE	Ctenopharyngodon	TRUE	6095	15621327.395347321
Cucumis melo	Cucumis melo	Stapley	TRUE	Cucumis	TRUE	25037	83271389.93851893
Cucumis sativus	Cucumis sativus	Stapley	TRUE	Cucumis	TRUE	21560	21931464.830681846
Cucurbita maxima	Cucurbita maxima	Stapley	TRUE	Cucurbita	TRUE	9596	55549139.19528827
Cucurbita moschata	Cucurbita moschata	Stapley	TRUE	Cucurbita	TRUE	10764	26927431.610154252
Cucurbita pepo	Cucurbita pepo	Stapley	TRUE	Cucurbita	FALSE	17357	43588717.637259446
Culex pipiens	Culex pipiens	Stapley	TRUE	Culex	TRUE	30000	8065129.985019233
Cyanistes caeruleus	Cyanistes caeruleus	Stapley	TRUE	Cyanistes	TRUE	30000	6991191.18861941
Cynara cardunculus	Cynara cardunculus	Stapley	TRUE	Cynara	TRUE	7567	7617902.600772999
Cynodon dactylon	Cynodon dactylon	Stapley	TRUE	Cynodon	FALSE	30006	43790660.31338053
Cynoglossus semilaevis	Cynoglossus semilaevis	Stapley	FALSE	Cynoglossus	FALSE	75	669746.2870717071
Cyprinus carpio	Cyprinus carpio	Stapley	TRUE	Cyprinus	TRUE	30000	19846146.333896898
Dactylis glomerata	Dactylis glomerata	Stapley	TRUE	Dactylis	TRUE	30000	20946589.630591605
Danio rerio	Danio rerio	Stapley	TRUE	Danio	TRUE	548	2666261.74867324
Daucus carota	Daucus carota	Stapley	TRUE	Daucus	FALSE	30002	16840780.314298984
Dianthus caryophyllus	Dianthus caryophyllus	Stapley	TRUE	Dianthus	TRUE	13528	7238723.40811455
Dicentrarchus labrax	Dicentrarchus labrax	Stapley	TRUE	Dicentrarchus	TRUE	15993	3897852.2548412494
Drosophila serrata	Drosophila serrata	Stapley	TRUE	Drosophila	FALSE	13	83489.38947772737
Ectocarpus siliculosus	Ectocarpus siliculosus	Stapley	TRUE	Ectocarpus	TRUE	5677	7364493.278471645
Eimeria maxima	Eimeria maxima	Stapley	FALSE	Eimeria	FALSE	23	-Inf
Eimeria tenella	Eimeria tenella	Stapley	FALSE	Eimeria	FALSE	25	-Inf
Elaeis guineensis	Elaeis guineensis	Stapley	TRUE	Elaeis	TRUE	6391	19609927.940043736
Elaeis oleifera	Elaeis oleifera	Stapley	TRUE	Elaeis	TRUE	1884	5935176.368232007
Elymus lanceolatus	Elymus lanceolatus	Stapley	TRUE	Elymus	TRUE	3060	7801202.344058099
Epinephelus aeneus	Epinephelus aeneus	Stapley	TRUE	Epinephelus	TRUE	1437	1502944.734397111
Equus caballus	Equus caballus	Stapley	TRUE	Equus	TRUE	14560	38572558.56938509
Eremochloa ophiuroides	Eremochloa ophiuroides	Stapley	TRUE	Eremochloa	TRUE	666	2219727.254000913
Eriobotrya japonica	Eriobotrya japonica	Stapley	TRUE	Eriobotrya	TRUE	4866	26558676.925802622
Eriocheir sinensis	Eriocheir sinensis	Stapley	TRUE	Eriocheir	TRUE	13087	3000460.3892698726
Esox lucius	Esox lucius	Stapley	TRUE	Esox	TRUE	30000	15012134.836354962
Eucalyptus camaldulensis	Eucalyptus camaldulensis	Stapley	TRUE	Eucalyptus	TRUE	30000	14001658.985350782
Eucalyptus grandis	Eucalyptus grandis	Stapley	TRUE	Eucalyptus	TRUE	3014	5446113.974046623
Eucalyptus tereticornis	Eucalyptus tereticornis	Stapley	TRUE	Eucalyptus	TRUE	15039	6187728.231695966
Eucalyptus urophylla	Eucalyptus urophylla	Stapley	TRUE	Eucalyptus	TRUE	340	946846.1119542833
Eucommia ulmoides	Eucommia ulmoides	Stapley	TRUE	Eucommia	TRUE	684	2952510.1777832685
Fagopyrum esculentum	Fagopyrum esculentum	Stapley	TRUE	Fagopyrum	TRUE	16701	33804371.019950256
Felis silvestris	Felis silvestris	Stapley	TRUE	Felis	TRUE	23543	41952828.864184074
Fenneropenaeus chinensis	Fenneropenaeus chinensis	Stapley	TRUE	Fenneropenaeus	TRUE	119	NA
Festuca arundinacea	Festuca arundinacea	Stapley	TRUE	Festuca	FALSE	30023	7141096.484613282
Fragaria iinumae	Fragaria iinumae	Stapley	TRUE	Fragaria	TRUE	383	157878.98815050954
Fragaria vesca	Fragaria vesca	Stapley	TRUE	Fragaria	TRUE	30554	21669491.151606523
Fragaria xananassa	Fragaria xananassa	Stapley	TRUE	Fragaria	TRUE	1364	141067.9469843338
Fusarium circinatum	Fusarium circinatum	Stapley	TRUE	Fusarium	TRUE	94	-Inf
Fusarium graminearum	Fusarium graminearum	Stapley	TRUE	Fusarium	TRUE	1698	9138271.778816655
Fusarium oxysporum	Fusarium oxysporum	Stapley	TRUE	Fusarium	TRUE	11123	23630063.488673855
Fusarium verticillioides	Fusarium verticillioides	Stapley	TRUE	Fusarium	TRUE	330	1548324.3414610163
Gadus morhua	Gadus morhua	Stapley	FALSE	Gadus	FALSE	30000	23361290.76015975
Gallus gallus	Gallus gallus	Stapley	TRUE	Gallus	TRUE	30000	32484872.33419876
Gentiana scabra	Gentiana scabra	Stapley	TRUE	Gentiana	TRUE	3014	2054929.1133207136
Globodera rostochiensis	Globodera rostochiensis	Stapley	TRUE	Globodera	TRUE	204	187273.06530163845
Glycine max	Glycine max	Stapley	TRUE	Glycine	TRUE	30000	5760696.694223184
Gossypium barbadense	Gossypium barbadense	Stapley	TRUE	Gossypium	TRUE	7051	22092809.158450373
Gossypium hirsutum	Gossypium hirsutum	Stapley	TRUE	Gossypium	TRUE	23916	71688468.05213578
Gossypium raimondii	Gossypium raimondii	Stapley	TRUE	Gossypium	TRUE	252	13579.165459023341
Gossypium tomentosum	Gossypium tomentosum	Stapley	TRUE	Gossypium	FALSE	523	3901.5834591274984
Haliotis diversicolor	Haliotis diversicolor	Stapley	FALSE	Haliotis	FALSE	1062	4054358.2986592962
Haliotis midae	Haliotis midae	Stapley	FALSE	Haliotis	FALSE	366	158580.42017922644
Haplochromis chilotes	Haplochromis chilotes	Stapley	TRUE	Haplochromis	TRUE	92	44370.570922095474
Haplochromis sauvagei	Haplochromis sauvagei	Stapley	TRUE	Haplochromis	TRUE	267	56982.133871455866
Helianthus annuus	Helianthus annuus	Stapley	TRUE	Helianthus	TRUE	30000	51662344.20001839
Heterodera glycines	Heterodera glycines	Stapley	TRUE	Heterodera	TRUE	17	-Inf
Hevea brasiliensis	Hevea brasiliensis	Stapley	TRUE	Hevea	TRUE	3424	16999036.6582213
Hibiscus cannabinus	Hibiscus cannabinus	Stapley	TRUE	Hibiscus	FALSE	5085	23385047.60734314
Hieracium mixtum	Hieracium mixtum	Stapley	TRUE	Hieracium	TRUE	939	237197.25210428477
Hippoglossus hippoglossus	Hippoglossus hippoglossus	Stapley	FALSE	Hippoglossus	FALSE	8861	18568564.454316374
Hordeum vulgare	Hordeum vulgare	Stapley	TRUE	Hordeum	TRUE	30000	54200059.07429174
Humulus lupulus	Humulus lupulus	Stapley	TRUE	Humulus	TRUE	30000	19669801.50313281
Hypophthalmichthys molitrix	Hypophthalmichthys molitrix	Stapley	TRUE	Hypophthalmichthys	TRUE	5563	6901301.266201084
Hyriopsis cumingii	Hyriopsis cumingii	Stapley	TRUE	Hyriopsis	TRUE	40	629367.3815261108
Ictalurus punctatus	Ictalurus punctatus	Stapley	TRUE	Ictalurus	TRUE	22599	11067455.202493712
Ipomoea batatas	Ipomoea batatas	Stapley	TRUE	Ipomoea	TRUE	30102	48914028.85627105
Ixodes scapularis	Ixodes scapularis	Stapley	TRUE	Ixodes	TRUE	1524	5195363.216014755
Jatropha curcas	Jatropha curcas	Stapley	TRUE	Jatropha	TRUE	4536	40129473.21349393
Juglans regia	Juglans regia	Stapley	TRUE	Juglans	TRUE	30019	10327549.395719074
Kryptolebias marmoratus	Kryptolebias marmoratus	Stapley	FALSE	Kryptolebias	FALSE	182	3153945.8752666186
Labeo rohita	Labeo rohita	Stapley	TRUE	Labeo	TRUE	306	4068005.997112703
Lactuca sativa	Lactuca sativa	Stapley	TRUE	Lactuca	TRUE	27642	43877369.7103026
Larimichthys crocea	Larimichthys crocea	Stapley	FALSE	Larimichthys	FALSE	268	1277006.200286838
Larix kaempferi	Larix kaempferi	Stapley	TRUE	Larix	TRUE	11491	5645608.855026577
Lates calcarifer	Lates calcarifer	Stapley	TRUE	Lates	TRUE	17310	4388338.917290173
Lens culinaris	Lens culinaris	Stapley	TRUE	Lens	TRUE	30000	33001193.436979618
Lepomis macrochirus	Lepomis macrochirus	Stapley	TRUE	Lepomis	TRUE	30000	10678454.295134747
Leptinotarsa decemlineata	Leptinotarsa decemlineata	Stapley	TRUE	Leptinotarsa	TRUE	6094	16271999.667967262
Linum usitatissimum	Linum usitatissimum	Stapley	TRUE	Linum	TRUE	30000	43523385.14794227
Litopenaeus vannamei	Litopenaeus vannamei	Stapley	FALSE	Litopenaeus	TRUE	517	9875986.546223333
Lolium multiflorum	Lolium multiflorum	Stapley	TRUE	Lolium	TRUE	30196	21249192.143367313
Lolium perenne	Lolium perenne	Stapley	TRUE	Lolium	TRUE	30004	16114904.433147341
Lotus japonicus	Lotus japonicus	Stapley	TRUE	Lotus	TRUE	45	75798.882483845955
Lucania goodei	Lucania goodei	Stapley	TRUE	Lucania	TRUE	2532	362228.72154681326
Lucania parva	Lucania parva	Stapley	TRUE	Lucania	TRUE	25366	3721568.436376194
Luffa acutangula	Luffa acutangula	Stapley	TRUE	Luffa	TRUE	959	6924459.583243049
Lupinus albus	Lupinus albus	Stapley	TRUE	Lupinus	FALSE	9378	6549667.020343711
Lupinus angustifolius	Lupinus angustifolius	Stapley	TRUE	Lupinus	TRUE	15268	8156283.591446736
Macropus eugenii	Macropus eugenii	Stapley	TRUE	Macropus	FALSE	403	88919.65677426006
Magnaporthe grisea	Magnaporthe grisea	Stapley	TRUE	Magnaporthe	TRUE	99	57508.142405948056
Malus domestica	Malus domestica	Stapley	TRUE	Malus	TRUE	30136	18241337.59182919
Malus sieversii	Malus sieversii	Stapley	TRUE	Malus	TRUE	9237	1139720.3891504237
Malus pumila	Malus pumila	Stapley	TRUE	Malus	FALSE	30001	21406979.317653652
Mangifera indica	Mangifera indica	Stapley	TRUE	Mangifera	TRUE	10558	42123868.646454714
Manihot esculenta	Manihot esculenta	Stapley	TRUE	Manihot	TRUE	30000	19827095.32957641
Marsupenaeus japonicus	Marsupenaeus japonicus	Stapley	FALSE	Marsupenaeus	FALSE	615	4524699.830412663
Medicago sativa	Medicago sativa	Stapley	TRUE	Medicago	TRUE	30000	33149369.99417618
Medicago truncatula	Medicago truncatula	Stapley	TRUE	Medicago	FALSE	17749	12692367.002057906
Melampsora lini	Melampsora lini	Stapley	TRUE	Melampsora	TRUE	1857	6934732.513097611
Meleagris gallopavo	Meleagris gallopavo	Stapley	TRUE	Meleagris	TRUE	30000	10599291.725581324
Meloidogyne hapla	Meloidogyne hapla	Stapley	TRUE	Meloidogyne	TRUE	154	1443054.1026204608
Melospiza melodia	Melospiza melodia	Stapley	TRUE	Melospiza	TRUE	30000	11497276.552879224
Metriaclima zebra	Metriaclima zebra	Stapley	TRUE	Metriaclima	TRUE	6	29600
Microtus ochrogaster	Microtus ochrogaster	Stapley	TRUE	Microtus	TRUE	12396	5563295.209645171
Mimulus guttatus	Mimulus guttatus	Stapley	TRUE	Mimulus	FALSE	7885	8278013.72512515
Miscanthus sinensis	Miscanthus sinensis	Stapley	TRUE	Miscanthus	TRUE	8554	14391655.503223171
Misgurnus anguillicaudatus	Misgurnus anguillicaudatus	Stapley	TRUE	Misgurnus	TRUE	27494	7433012.798174175
Musa acuminata	Musa acuminata	Stapley	TRUE	Musa	TRUE	2913	12438946.39998518
Mycosphaerella graminicola	Mycosphaerella graminicola	Stapley	TRUE	Mycosphaerella	TRUE	304	1945251.305744501
Nasonia giraulti	Nasonia giraulti	Stapley	TRUE	Nasonia	TRUE	41	-Inf
Nelumbo lutea	Nelumbo lutea	Stapley	TRUE	Nelumbo	TRUE	2240	5565147.219803035
Nelumbo nucifera	Nelumbo nucifera	Stapley	TRUE	Nelumbo	TRUE	1838	17715633.14259251
Nicotiana langsdorffii	Nicotiana langsdorffii	Stapley	TRUE	Nicotiana	TRUE	228	2006498.7821117705
Nicotiana tabacum	Nicotiana tabacum	Stapley	TRUE	Nicotiana	TRUE	21889	55728290.856858574
Nilaparvata lugens	Nilaparvata lugens	Stapley	TRUE	Nilaparvata	TRUE	327	1457825.9928966705
Nothobranchius furzeri	Nothobranchius furzeri	Stapley	TRUE	Nothobranchius	TRUE	90	38904.39468576721
Olea europaea	Olea europaea	Stapley	TRUE	Olea	TRUE	30000	15329204.144842861
Oncorhynchus kisutch	Oncorhynchus kisutch	Stapley	FALSE	Oncorhynchus	FALSE	30000	7719646.465930393
Oncorhynchus mykiss	Oncorhynchus mykiss	Stapley	TRUE	Oncorhynchus	TRUE	30000	21062570.19775169
Oncorhynchus nerka	Oncorhynchus nerka	Stapley	FALSE	Oncorhynchus	TRUE	30000	11887084.132617844
Oreochromis mossambicus	Oreochromis mossambicus	Stapley	TRUE	Oreochromis	TRUE	6126	20568493.063220527
Oreochromis niloticus	Oreochromis niloticus	Stapley	TRUE	Oreochromis	TRUE	6603	37366913.82713625
Oryza rufipogon	Oryza rufipogon	Stapley	TRUE	Oryza	TRUE	11888	20567292.550686374
Oryza sativa	Oryza sativa	Stapley	TRUE	Oryza	TRUE	30105	37183184.16412297
Ostrea edulis	Ostrea edulis	Stapley	TRUE	Ostrea	TRUE	5924	4901276.291960777
Ovis aries	Ovis aries	Stapley	TRUE	Ovis	TRUE	9517	24686304.489871353
Ovis canadensis	Ovis canadensis	Stapley	TRUE	Ovis	TRUE	7276	5342688.01497525
Panicum virgatum	Panicum virgatum	Stapley	TRUE	Panicum	TRUE	9977	12276274.027515361
Papilio glaucus	Papilio glaucus	Stapley	TRUE	Papilio	TRUE	23330	10094587.931527717
Papio hamadryas	Papio hamadryas	Stapley	TRUE	Papio	TRUE	808	7421548.99118655
Paralichthys olivaceus	Paralichthys olivaceus	Stapley	TRUE	Paralichthys	TRUE	865	419431.70109146764
Parus major	Parus major	Stapley	TRUE	Parus	TRUE	30000	11430182.993638754
Patinopecten yessoensis	Patinopecten yessoensis	Stapley	TRUE	Patinopecten	TRUE	167	237628.7937807563
Penaeus monodon	Penaeus monodon	Stapley	FALSE	Penaeus	FALSE	1697	11006711.12819527
Pennisetum glaucum	Pennisetum glaucum	Stapley	TRUE	Pennisetum	TRUE	30000	40141936.52445683
Persea americana	Persea americana	Stapley	FALSE	Persea	FALSE	7353	214101006.44920874
Petunia axillaris	Petunia axillaris	Stapley	TRUE	Petunia	TRUE	1815	6760438.065825082
Phaeosphaeria nodorum	Phaeosphaeria nodorum	Stapley	TRUE	Phaeosphaeria	TRUE	237	1159574.8793320467
Phalloceros caudimaculatus	Phalloceros caudimaculatus	Stapley	TRUE	Phalloceros	TRUE	589	2665691.874081454
Phaseolus vulgaris	Phaseolus vulgaris	Stapley	TRUE	Phaseolus	TRUE	30002	36641344.14965629
Phoenix dactylifera	Phoenix dactylifera	Stapley	TRUE	Phoenix	TRUE	4372	29197236.737909336
Physcomitrella patens	Physcomitrella patens	Stapley	TRUE	Physcomitrella	TRUE	2055	3419202.041092583
Pinus balfouriana	Pinus balfouriana	Stapley	TRUE	Pinus	TRUE	530	3793.4606415502026
Pinus elliottii	Pinus elliottii	Stapley	TRUE	Pinus	TRUE	2030	2825082.5570690203
Pinus koraiensis	Pinus koraiensis	Stapley	TRUE	Pinus	TRUE	1179	1716304.8910775569
Pinus lambertiana	Pinus lambertiana	Stapley	TRUE	Pinus	FALSE	1507	429324.1015716453
Pinus massoniana	Pinus massoniana	Stapley	TRUE	Pinus	FALSE	1596	1417659.305185489
Pisum sativum	Pisum sativum	Stapley	TRUE	Pisum	TRUE	30000	54488618.750513636
Poecilia reticulata	Poecilia reticulata	Stapley	TRUE	Poecilia	TRUE	4046	27405167.406148966
Pogonomyrmex rugosus	Pogonomyrmex rugosus	Stapley	TRUE	Pogonomyrmex	TRUE	3311	4786017.873796215
Populus adenopoda	Populus adenopoda	Stapley	TRUE	Populus	TRUE	301	2389955.1516231042
Populus alba	Populus alba	Stapley	TRUE	Populus	TRUE	30000	21444963.8475374
Populus deltoides	Populus deltoides	Stapley	TRUE	Populus	FALSE	10494	13513847.81617033
Populus nigra	Populus nigra	Stapley	TRUE	Populus	TRUE	30000	14471447.195760058
Portunus trituberculatus	Portunus trituberculatus	Stapley	TRUE	Portunus	TRUE	312	4009158.3362818398
Primulina eburnea	Primulina eburnea	Stapley	TRUE	Primulina	TRUE	44	-Inf
Pristionchus pacificus	Pristionchus pacificus	Stapley	TRUE	Pristionchus	TRUE	5	-Inf
Prunus armeniaca	Prunus armeniaca	Stapley	TRUE	Prunus	TRUE	14556	23455554.26311112
Prunus avium	Prunus avium	Stapley	TRUE	Prunus	TRUE	30253	11008755.579547003
Prunus dulcis	Prunus dulcis	Stapley	TRUE	Prunus	TRUE	9964	13398630.821826208
Prunus kansuensis	Prunus kansuensis	Stapley	TRUE	Prunus	TRUE	83	1083153.3794732054
Prunus mume	Prunus mume	Stapley	TRUE	Prunus	TRUE	2481	3813771.7480767863
Prunus persica	Prunus persica	Stapley	TRUE	Prunus	TRUE	25415	35190379.17469162
Pseudocercospora fijiensis	Pseudocercospora fijiensis	Stapley	FALSE	Pseudocercospora	FALSE	16	-Inf
Punica granatum	Punica granatum	Stapley	TRUE	Punica	TRUE	8104	53099241.74298224
Pyrus communis	Pyrus communis	Stapley	TRUE	Pyrus	TRUE	30019	14835745.178169198
Quercus	Quercus	Stapley	TRUE	Quercus	TRUE	97388	5059734.368417417
Rana temporaria	Rana temporaria	Stapley	TRUE	Rana	TRUE	30000	6366577.856836173
Raphanus sativus	Raphanus sativus	Stapley	TRUE	Raphanus	TRUE	24975	50865781.75181968
Rattus norvegicus	Rattus norvegicus	Stapley	TRUE	Rattus	TRUE	30000	18896419.22154847
Rhyzopertha dominica	Rhyzopertha dominica	Stapley	TRUE	Rhyzopertha	TRUE	673	3965114.107437467
Ricinus communis	Ricinus communis	Stapley	TRUE	Ricinus	TRUE	24076	84477687.83278978
Rubus idaeus	Rubus idaeus	Stapley	TRUE	Rubus	TRUE	30302	19747654.258565765
Rubus occidentalis	Rubus occidentalis	Stapley	TRUE	Rubus	FALSE	5157	5167569.455406537
Ruditapes philippinarum	Ruditapes philippinarum	Stapley	TRUE	Ruditapes	TRUE	5393	6225766.878815162
Saccharina japonica	Saccharina japonica	Stapley	FALSE	Saccharina	FALSE	1579	254823587.35251534
Salmo salar	Salmo salar	Stapley	TRUE	Salmo	TRUE	30000	2660628.769042565
Salmo trutta	Salmo trutta	Stapley	TRUE	Salmo	TRUE	30000	11287412.691194003
Salvia miltiorrhiza	Salvia miltiorrhiza	Stapley	TRUE	Salvia	TRUE	578	2021729.4191792323
Schistosoma mansoni	Schistosoma mansoni	Stapley	TRUE	Schistosoma	TRUE	4933	617243.2446901813
Sciaenops ocellatus	Sciaenops ocellatus	Stapley	TRUE	Sciaenops	TRUE	25122	1492221.5527817013
Scleropages formosus	Scleropages formosus	Stapley	TRUE	Scleropages	TRUE	250	338769.89598055294
Scophthalmus maximus	Scophthalmus maximus	Stapley	FALSE	Scophthalmus	FALSE	3055	5907936.616838582
Scylla paramamosain	Scylla paramamosain	Stapley	FALSE	Scylla	FALSE	190	7712580.287881586
Secale cereale	Secale cereale	Stapley	TRUE	Secale	TRUE	30008	35304173.3358241
Seriola quinqueradiata	Seriola quinqueradiata	Stapley	FALSE	Seriola	TRUE	594	2179690.3468767335
Sesamum indicum	Sesamum indicum	Stapley	TRUE	Sesamum	TRUE	10077	57217629.27583292
Setaria italica	Setaria italica	Stapley	FALSE	Setaria	FALSE	13755	169432635.29599223
Sinapis alba	Sinapis alba	Stapley	TRUE	Sinapis	TRUE	20115	21122246.13588507
Solanum lycopersicum	Solanum lycopersicum	Stapley	TRUE	Solanum	TRUE	30000	91023220.57479039
Solanum melongena	Solanum melongena	Stapley	TRUE	Solanum	TRUE	21858	56330797.43334171
Solanum pennellii	Solanum pennellii	Stapley	TRUE	Solanum	TRUE	791	1103893.3356913396
Solanum pimpinellifolium	Solanum pimpinellifolium	Stapley	TRUE	Solanum	TRUE	6619	10987558.765039966
Solanum tuberosum	Solanum tuberosum	Stapley	TRUE	Solanum	TRUE	30000	40177469.67044234
Sorghum bicolor	Sorghum bicolor	Stapley	TRUE	Sorghum	TRUE	30003	76844704.25071324
Sparus aurata	Sparus aurata	Stapley	FALSE	Sparus	FALSE	1970	4942540.145041159
Spinacia oleracea	Spinacia oleracea	Stapley	TRUE	Spinacia	TRUE	6632	23125055.504212696
Strongyloides ratti	Strongyloides ratti	Stapley	TRUE	Strongyloides	TRUE	14	0
Sus scrofa	Sus scrofa	Stapley	TRUE	Sus	TRUE	30000	35062291.275738776
Theobroma cacao	Theobroma cacao	Stapley	TRUE	Theobroma	TRUE	5403	20685883.515103932
Thunnus orientalis	Thunnus orientalis	Stapley	FALSE	Thunnus	FALSE	467	58674564.7886925
Tigriopus californicus	Tigriopus californicus	Stapley	FALSE	Tigriopus	FALSE	793	260791.28686688337
Tribolium castaneum	Tribolium castaneum	Stapley	TRUE	Tribolium	TRUE	2203	10383945.140265554
Tribolium confusum	Tribolium confusum	Stapley	TRUE	Tribolium	TRUE	1246	9486282.906684648
Trichogramma brassicae	Trichogramma brassicae	Stapley	TRUE	Trichogramma	TRUE	59	0
Trifolium pratense	Trifolium pratense	Stapley	TRUE	Trifolium	TRUE	30000	26264068.26985039
Trifolium repens	Trifolium repens	Stapley	TRUE	Trifolium	TRUE	30002	32803790.5465048
Trifolium subterraneum	Trifolium subterraneum	Stapley	TRUE	Trifolium	TRUE	26264	8988401.476745265
Triticum aestivum	Triticum aestivum	Stapley	TRUE	Triticum	TRUE	30000	40523335.88486415
Undaria pinnatifida	Undaria pinnatifida	Stapley	TRUE	Undaria	TRUE	2307	1800836.6362554827
Vaccinium corymbosum	Vaccinium corymbosum	Stapley	TRUE	Vaccinium	FALSE	9183	4953368.540882923
Vanilla tahitensis	Vanilla tahitensis	Stapley	FALSE	Vanilla	FALSE	38	-Inf
Vespula vulgaris	Vespula vulgaris	Stapley	TRUE	Vespula	TRUE	25713	14778771.28030194
Vicia faba	Vicia faba	Stapley	TRUE	Vicia	TRUE	33458	46986942.56558285
Vigna angularis	Vigna angularis	Stapley	TRUE	Vigna	TRUE	11552	6880812.273649723
Vigna mungo	Vigna mungo	Stapley	TRUE	Vigna	TRUE	5204	7936998.522871392
Vigna radiata	Vigna radiata	Stapley	TRUE	Vigna	TRUE	30000	36037111.80461228
Vigna unguiculata	Vigna unguiculata	Stapley	TRUE	Vigna	TRUE	30002	60254596.62653326
Vigna vexillata	Vigna vexillata	Stapley	FALSE	Vigna	FALSE	10496	134442798.03802642
Vitis amurensis	Vitis amurensis	Stapley	TRUE	Vitis	TRUE	1621	3492411.1796473707
Vitis cinerea	Vitis cinerea	Stapley	TRUE	Vitis	FALSE	3694	4392521.388871524
Vitis vinifera	Vitis vinifera	Stapley	TRUE	Vitis	FALSE	30013	25409791.083717935
Xenopus tropicalis	Xenopus tropicalis	Stapley	TRUE	Xenopus	TRUE	2335	603545.0639413303
Xiphophorus maculatus	Xiphophorus maculatus	Stapley	TRUE	Xiphophorus	TRUE	1279	4958570.462242459
Zea mays	Zea mays	Stapley	TRUE	Zea	TRUE	30004	11609979.916004088
Ziziphus jujuba	Ziziphus jujuba	Stapley	TRUE	Ziziphus	TRUE	3175	39738021.3085965
Zoysia japonica	Zoysia japonica	Stapley	TRUE	Zoysia	TRUE	1253	2801163.0377243795
Zoysia matrella	Zoysia matrella	Stapley	TRUE	Zoysia	TRUE	1301	10996236.56021851
Zymoseptoria tritici	Zymoseptoria tritici	Stapley	TRUE	Zymoseptoria	TRUE	165	74073.62007677784
Abatus agassizi	Abatus agassizi	Romiguier	FALSE	Abatus	FALSE	72	4302298.533787006
Abatus cordatus	Abatus cordatus	Romiguier	TRUE	Abatus	TRUE	442	11602.571846746216
Allolobophora chlorotica	Allolobophora chlorotica	Romiguier	TRUE	Allolobophora	TRUE	3070	3806987.16874359
Aporrectodea icterica	Aporrectodea icterica	Romiguier	TRUE	Aporrectodea	TRUE	128	657169.6682033325
Aptenodytes patagonicus	Aptenodytes patagonicus	Romiguier	FALSE	Aptenodytes	FALSE	30000	75633675.37930672
Armadillidium nasatum	Armadillidium nasatum	Romiguier	TRUE	Armadillidium	TRUE	4271	4563057.416761417
Armadillidium vulgare	Armadillidium vulgare	Romiguier	TRUE	Armadillidium	TRUE	25652	21822882.904560436
Artemia salina	Artemia salina	Romiguier	TRUE	Artemia	TRUE	313	2909361.9455268686
Artemia sinica	Artemia sinica	Romiguier	FALSE	Artemia	FALSE	22	-Inf
Bostrycapulus aculeatus	Bostrycapulus aculeatus	Romiguier	FALSE	Bostrycapulus	FALSE	2712	152780298.70229653
Caenorhabditis brenneri	Caenorhabditis brenneri	Romiguier	TRUE	Caenorhabditis	TRUE	4	-Inf
Camponotus aethiops	Camponotus aethiops	Romiguier	TRUE	Camponotus	TRUE	1039	2614477.7714486974
Camponotus ligniperdus	Camponotus ligniperdus	Romiguier	TRUE	Camponotus	TRUE	1541	4053064.7655475163
Carcinus aestuarii	Carcinus aestuarii	Romiguier	TRUE	Carcinus	TRUE	1082	1420110.608825299
Chelonoidis nigra	Chelonoidis nigra	Romiguier	FALSE	Chelonoidis	FALSE	454	12207.94959374729
Crepidula fornicata	Crepidula fornicata	Romiguier	TRUE	Crepidula	TRUE	15436	5760023.174662578
Crepidula plana	Crepidula plana	Romiguier	FALSE	Crepidula	FALSE	2238	51404378.58602894
Culex hortensis	Culex hortensis	Romiguier	TRUE	Culex	TRUE	370	1570059.8290136335
Culex torrentium	Culex torrentium	Romiguier	TRUE	Culex	TRUE	841	215963.62267592736
Cystodytes dellechiajei	Cystodytes dellechiajei	Romiguier	FALSE	Cystodytes	FALSE	426	18034601.367855396
Echinocardium cordatum	Echinocardium cordatum	Romiguier	FALSE	Echinocardium	FALSE	11408	134645797.89223626
Echinocardium mediterraneum	Echinocardium mediterraneum	Romiguier	FALSE	Echinocardium	FALSE	104	341533.0780795309
Emys orbicularis	Emys orbicularis	Romiguier	TRUE	Emys	TRUE	13404	7129741.782213778
Eudyptes filholi	Eudyptes filholi	Romiguier	TRUE	Eudyptes	FALSE	272	41130.48316230084
Eudyptes moseleyi	Eudyptes moseleyi	Romiguier	TRUE	Eudyptes	FALSE	135	6711.08994288899
Eunicella verrucosa	Eunicella verrucosa	Romiguier	FALSE	Eunicella	FALSE	5613	2835749.9349172343
Galago senegalensis	Galago senegalensis	Romiguier	TRUE	Galago	TRUE	1308	9902203.029503047
Halictus scabiosae	Halictus scabiosae	Romiguier	TRUE	Halictus	TRUE	3229	2482545.3834542236
Hippocampus guttulatus	Hippocampus guttulatus	Romiguier	FALSE	Hippocampus	TRUE	972	5138493.873624848
Hippocampus hippocampus	Hippocampus hippocampus	Romiguier	FALSE	Hippocampus	TRUE	929	4714797.957817353
Hippocampus kuda	Hippocampus kuda	Romiguier	FALSE	Hippocampus	FALSE	922	6802074.752833373
Leptogorgia sarmentosa	Leptogorgia sarmentosa	Romiguier	FALSE	Leptogorgia	FALSE	564	1288746.580035695
Lepus granatensis	Lepus granatensis	Romiguier	TRUE	Lepus	TRUE	12271	577848.289263079
Liocarcinus depurator	Liocarcinus depurator	Romiguier	FALSE	Liocarcinus	FALSE	8982	4496449.104239358
Lineus longissimus	Lineus longissimus	Romiguier	FALSE	Lineus	FALSE	945	2169666.996602497
Lineus ruber	Lineus ruber	Romiguier	FALSE	Lineus	TRUE	279	44350149.91642531
Melitaea cinxia	Melitaea cinxia	Romiguier	TRUE	Melitaea	TRUE	30000	6927689.145617635
Melitaea didyma	Melitaea didyma	Romiguier	TRUE	Melitaea	TRUE	23047	8689931.55960172
Mellicta athalia	Mellicta athalia	Romiguier	TRUE	Mellicta	TRUE	2077	5971667.186703446
Mellicta parthenoides	Mellicta parthenoides	Romiguier	TRUE	Mellicta	TRUE	300	935881.817636267
Messor barbarus	Messor barbarus	Romiguier	TRUE	Messor	TRUE	839	2079793.5944952872
Microtus arvalis	Microtus arvalis	Romiguier	TRUE	Microtus	TRUE	30000	13565613.56879372
Mytilus californianus	Mytilus californianus	Romiguier	FALSE	Mytilus	TRUE	3780	393185.9239117626
Mytilus edulis	Mytilus edulis	Romiguier	FALSE	Mytilus	FALSE	30000	5832641.310207568
Mytilus galloprovincialis	Mytilus galloprovincialis	Romiguier	FALSE	Mytilus	TRUE	5036	8395653.237858584
Mytilus trossulus	Mytilus trossulus	Romiguier	FALSE	Mytilus	FALSE	1744	1612855.9859335835
Necora puber	Necora puber	Romiguier	FALSE	Necora	FALSE	19257	1891798.5164083156
Ophioderma longicauda	Ophioderma longicauda	Romiguier	FALSE	Ophioderma	FALSE	2054	5012366.008929964
Ostrea chilensis	Ostrea chilensis	Romiguier	TRUE	Ostrea	TRUE	464	220765.97376465227
Ostreola stentina	Ostreola stentina	Romiguier	FALSE	Ostreola	FALSE	34	7400.117948095824
Parus caeruleus	Parus caeruleus	Romiguier	TRUE	Parus	TRUE	30000	6726331.022910766
Pectinaria koreni	Pectinaria koreni	Romiguier	FALSE	Pectinaria	FALSE	4505	4669138.771996297
Pheidole pallidula	Pheidole pallidula	Romiguier	TRUE	Pheidole	TRUE	1032	3376081.6854039305
Physa acuta	Physa acuta	Romiguier	TRUE	Physa	TRUE	4114	12394309.654774683
Physa gyrina	Physa gyrina	Romiguier	TRUE	Physa	TRUE	4753	10031954.21767571
Reticulitermes flavipes	Reticulitermes flavipes	Romiguier	TRUE	Reticulitermes	TRUE	988	5122752.000167354
Reticulitermes grassei	Reticulitermes grassei	Romiguier	FALSE	Reticulitermes	FALSE	74	237.5644329355853
Reticulitermes lucifugus	Reticulitermes lucifugus	Romiguier	TRUE	Reticulitermes	TRUE	26	35184.016704302034
Sepia officinalis	Sepia officinalis	Romiguier	FALSE	Sepia	TRUE	5396	6617741.395682187
Thymelicus lineola	Thymelicus lineola	Romiguier	TRUE	Thymelicus	TRUE	30000	10897307.922385817
Thymelicus sylvestris	Thymelicus sylvestris	Romiguier	TRUE	Thymelicus	TRUE	30000	5588951.97762993
Trachemys scripta	Trachemys scripta	Romiguier	TRUE	Trachemys	TRUE	30000	24828100.352929834
Tripylus abatoides	Tripylus abatoides	Romiguier	FALSE	Tripylus	FALSE	136	6178503.432884864
