species	phylum	genus	kingdom	subphylum	family	order	superphylum	class	dataset	is_terrestrial	size	range	diversity
Acyrthosiphon pisum	Arthropoda	Acyrthosiphon	Animalia	Hexapoda	Aphididae	Hemiptera	Ecdysozoa	Insecta	Leffler	TRUE	0.004	13444260.161161438	0.0088125
Aedes aegypti	Arthropoda	Aedes	Animalia	Hexapoda	Culicidae	Diptera	Ecdysozoa	Insecta	Leffler	TRUE	0.0026325	47278392.15689934	0.01421
Agelaius phoeniceus	Chordata	Agelaius	Animalia	Vertebrata	Icteridae	Passeriformes	NA	Aves	Leffler	TRUE	0.22	13843738.739353405	0.0059
Ailuropoda melanoleuca	Chordata	Ailuropoda	Animalia	Vertebrata	Ursidae	Carnivora	NA	Mammalia	Leffler	TRUE	1.53924	1488498.9455028386	0.00135
Amphimedon queenslandica	Porifera	Amphimedon	Animalia	NA	Niphatidae	Haplosclerida	NA	Demospongiae	Leffler	FALSE	NaN	3013.946997585753	0.023700000000000002
Anopheles arabiensis	Arthropoda	Anopheles	Animalia	Hexapoda	Culicidae	Diptera	Ecdysozoa	Insecta	Leffler	TRUE	0.00295	17704513.579145078	0.022000000000000002
Anopheles baimaii	Arthropoda	Anopheles	Animalia	Hexapoda	Culicidae	Diptera	Ecdysozoa	Insecta	Leffler	TRUE	NaN	43964.05118162883	0.00541
Anopheles cruzii	Arthropoda	Anopheles	Animalia	Hexapoda	Culicidae	Diptera	Ecdysozoa	Insecta	Leffler	TRUE	NaN	22431.866231025633	0.01439
Anopheles dirus	Arthropoda	Anopheles	Animalia	Hexapoda	Culicidae	Diptera	Ecdysozoa	Insecta	Leffler	TRUE	NaN	910573.0740678933	0.009715
Anopheles gambiae	Arthropoda	Anopheles	Animalia	Hexapoda	Culicidae	Diptera	Ecdysozoa	Insecta	Leffler	TRUE	0.0029200000000000003	13751032.342446806	0.0288
Anopheles melas	Arthropoda	Anopheles	Animalia	Hexapoda	Culicidae	Diptera	Ecdysozoa	Insecta	Leffler	TRUE	NaN	1039548.3427768996	0.005699999999999999
Anopheles merus	Arthropoda	Anopheles	Animalia	Hexapoda	Culicidae	Diptera	Ecdysozoa	Insecta	Leffler	TRUE	0.00303	2472915.478451328	0.0124
Anopheles quadriannulatus	Arthropoda	Anopheles	Animalia	Hexapoda	Culicidae	Diptera	Ecdysozoa	Insecta	Leffler	TRUE	0.0055	1045212.427177459	0.022799999999999997
Anopheles scanloni	Arthropoda	Anopheles	Animalia	Hexapoda	Culicidae	Diptera	Ecdysozoa	Insecta	Leffler	TRUE	NaN	-Inf	0.0058
Aphanarthrum subglabrum/glabrum	Arthropoda	Aphanarthrum	NA	NA	NA	"	Coleoptera"	NA	Insecta	Leffler	FALSE	0.00155	-Inf	0.00189
Apis cerana	Arthropoda	Apis	Animalia	Hexapoda	Apidae	Hymenoptera	Ecdysozoa	Insecta	Leffler	TRUE	0.009	11505641.690328775	0.00848
Apis mellifera	Arthropoda	Apis	Animalia	Hexapoda	Apidae	Hymenoptera	Ecdysozoa	Insecta	Leffler	TRUE	0.015	88513632.47084571	0.00848
Aquila clanga/pomarina	Chordata	Aquila	Animalia	Vertebrata	Accipitridae	Accipitriformes	NA	Aves	Leffler	TRUE	0.65	28738034.461075738	0.001143
Aquilegia formosa/pubescens	Tracheophyta	Aquilegia	Plantae	Spermatophytina	Ranunculaceae	Ranunculales	Embryophyta	Magnoliopsida	Leffler	TRUE	NaN	1850019.580158489	0.00228
Arabidopsis halleri	Tracheophyta	Arabidopsis	Plantae	Spermatophytina	Brassicaceae	Brassicales	Embryophyta	Magnoliopsida	Leffler	TRUE	0.225	3417558.836747311	0.01502
Arabidopsis lyrata	Tracheophyta	Arabidopsis	Plantae	Spermatophytina	Brassicaceae	Brassicales	Embryophyta	Magnoliopsida	Leffler	TRUE	NaN	22662051.245074317	0.009116666666666667
Arabidopsis thaliana	Tracheophyta	Arabidopsis	Plantae	Spermatophytina	Brassicaceae	Brassicales	Embryophyta	Magnoliopsida	Leffler	TRUE	0.25	15586348.670218622	0.006033333333333333
Bactrocera depressa	Arthropoda	Bactrocera	Animalia	Hexapoda	Tephritidae	Diptera	Ecdysozoa	Insecta	Leffler	TRUE	0.00745	221069.04070165256	0.0023
Balaenoptera bonaerensis	Chordata	Balaenoptera	Animalia	Vertebrata	Balaenopteridae	Cetacea	NA	Mammalia	Leffler	FALSE	5.4864	183147531.23955068	0.00387
Boechera stricta	Tracheophyta	Boechera	Plantae	Spermatophytina	Brassicaceae	Brassicales	Embryophyta	Magnoliopsida	Leffler	TRUE	NaN	9264274.016187066	0.0034999999999999996
Caenorhabditis briggsae	Nematoda	Caenorhabditis	Animalia	NA	Rhabditidae	Rhabditida	Ecdysozoa	Chromadorea	Leffler	TRUE	0.0014	-Inf	3.7749999999999996e-4
Caenorhabditis elegans	Nematoda	Caenorhabditis	Animalia	NA	Rhabditidae	Rhabditida	Ecdysozoa	Chromadorea	Leffler	TRUE	0.0014	11043400	0.003715
Caenorhabditis remanei	Nematoda	Caenorhabditis	Animalia	NA	Rhabditidae	Rhabditida	Ecdysozoa	Chromadorea	Leffler	TRUE	0.0014	-Inf	0.0567
Callithrix jacchus	Chordata	Callithrix	Animalia	Vertebrata	Callitrichidae	Primates	NA	Mammalia	Leffler	TRUE	0.18669	4705067.175357706	0.00123
Canis latrans/lupus	Chordata	Canis	Animalia	Vertebrata	Canidae	Carnivora	NA	Mammalia	Leffler	TRUE	0.80772	57920876.94157054	0.001712
Capsella grandiflora	Tracheophyta	Capsella	Plantae	Spermatophytina	Brassicaceae	Brassicales	Embryophyta	Magnoliopsida	Leffler	TRUE	NaN	60159.65089866241	0.03202
Capsella rubella	Tracheophyta	Capsella	Plantae	Spermatophytina	Brassicaceae	Brassicales	Embryophyta	Magnoliopsida	Leffler	TRUE	NaN	4012444.6414114833	0.00666
Cecidostiba fungosa	Arthropoda	Cecidostiba	NA	NA	NA	Hymenoptera	NA	Insecta	Leffler	TRUE	0.0018	172264.3635861311	0.011265
Ceratitis capitata	Arthropoda	Ceratitis	Animalia	Hexapoda	Tephritidae	Diptera	Ecdysozoa	Insecta	Leffler	TRUE	0.004	38860343.801214136	0.02951
Chlamydomonas reinhardtii	Chlorophyta	Chlamydomonas	Plantae	Chlorophytina	Chlamydomonadaceae	Chlamydomonadales	NA	Chlorophyceae	Leffler	TRUE	1e-5	1309.217123173996	0.028495
Chlorocebus aethiops	Chordata	Chlorocebus	Animalia	Vertebrata	Cercopithecidae	Primates	NA	Mammalia	Leffler	TRUE	0.458	17551149.185372155	0.00233
Cichla pleiozona	Chordata	Cichla	Animalia	Vertebrata	Cichlidae	Perciformes	NA	Teleostei	Leffler	TRUE	0.4572	1587982.6629788694	0.010333333333333333
Ciona intestinalis	Chordata	Ciona	Animalia	Urochordata	Cionidae	Enterogona	NA	Ascidiacea	Leffler	FALSE	0.2	2801453.191964699	0.025035
Ciona roulei	Chordata	Ciona	Animalia	Urochordata	Cionidae	Enterogona	NA	Ascidiacea	Leffler	FALSE	0.2	-Inf	0.03238
Ciona savignyi	Chordata	Ciona	Animalia	Urochordata	Cionidae	Enterogona	NA	Ascidiacea	Leffler	FALSE	0.15	410324.63060255075	0.0801
Crassostrea gigas	Mollusca	Crassostrea	Animalia	NA	Ostreidae	Ostreoida	Lophozoa	Bivalvia	Leffler	FALSE	0.24257	3696111.1764127505	0.03318
Cryptococcus neoformans	Basidiomycota	Cryptococcus	Fungi	Agaricomycotina	Tremellaceae	Tremellales	NA	Tremellomycetes	Leffler	TRUE	5e-6	11531787.675021563	0.00517575
Cryptomeria japonica	Tracheophyta	Cryptomeria	Plantae	Spermatophytina	Cupressaceae	Pinales	Embryophyta	Pinopsida	Leffler	TRUE	16.764	26047317.75157583	0.0052
Daphnia arenata	Arthropoda	Daphnia	Animalia	Crustacea	Daphniidae	Diplostraca	Ecdysozoa	Branchiopoda	NA	NA	0.002	NaN	0.0021
Daphnia magna	Arthropoda	Daphnia	Animalia	Crustacea	Daphniidae	Diplostraca	Ecdysozoa	Branchiopoda	Leffler	TRUE	0.0035	19940908.054377582	0.013179999999999999
Daphnia obtusa	Arthropoda	Daphnia	Animalia	Crustacea	Daphniidae	Diplostraca	Ecdysozoa	Branchiopoda	Leffler	TRUE	0.002	1890094.4135525916	0.011765000000000001
Daphnia pulex	Arthropoda	Daphnia	Animalia	Crustacea	Daphniidae	Diplostraca	Ecdysozoa	Branchiopoda	Leffler	TRUE	0.0016	14693152.172597192	0.022029999999999998
Daphnia pulicaria	Arthropoda	Daphnia	Animalia	Crustacea	Daphniidae	Diplostraca	Ecdysozoa	Branchiopoda	Leffler	TRUE	0.002	6066983.168922311	0.020225
Dasypus novemcinctus	Chordata	Dasypus	Animalia	Vertebrata	Dasypodidae	Cingulata	NA	Mammalia	Leffler	TRUE	0.7	22072449.921529487	0.00153
Daubentonia madagascariensis	Chordata	Daubentonia	Animalia	Vertebrata	Daubentoniidae	Primates	NA	Mammalia	Leffler	TRUE	0.4064	72212.86452059278	7.3e-4
Drosophila americana	Arthropoda	Drosophila	Animalia	Hexapoda	Drosophilidae	Diptera	Ecdysozoa	Insecta	Leffler	TRUE	NaN	2355247	0.02153
Drosophila ananassae	Arthropoda	Drosophila	Animalia	Hexapoda	Drosophilidae	Diptera	Ecdysozoa	Insecta	Leffler	TRUE	NaN	10721433	0.0236
Drosophila arizonae	Arthropoda	Drosophila	Animalia	Hexapoda	Drosophilidae	Diptera	Ecdysozoa	Insecta	Leffler	TRUE	NaN	1542211	0.008285
Drosophila bipectinata	Arthropoda	Drosophila	Animalia	Hexapoda	Drosophilidae	Diptera	Ecdysozoa	Insecta	Leffler	TRUE	NaN	8630082	0.020099999999999996
Drosophila bogotana	Arthropoda	Drosophila	Animalia	Hexapoda	Drosophilidae	Diptera	Ecdysozoa	Insecta	NA	NA	NaN	NaN	0.00622
Drosophila buzzatii	Arthropoda	Drosophila	Animalia	Hexapoda	Drosophilidae	Diptera	Ecdysozoa	Insecta	Leffler	TRUE	NaN	3240375	0.01936
Drosophila kikkawai	Arthropoda	Drosophila	Animalia	Hexapoda	Drosophilidae	Diptera	Ecdysozoa	Insecta	Leffler	TRUE	NaN	21189061	0.0323
Drosophila malerkotliana	Arthropoda	Drosophila	Animalia	Hexapoda	Drosophilidae	Diptera	Ecdysozoa	Insecta	Leffler	TRUE	NaN	10500000	0.0168
Drosophila melanogaster	Arthropoda	Drosophila	Animalia	Hexapoda	Drosophilidae	Diptera	Ecdysozoa	Insecta	Leffler	TRUE	0.0015400000000000001	15164371.383244975	0.0202
Drosophila miranda	Arthropoda	Drosophila	Animalia	Hexapoda	Drosophilidae	Diptera	Ecdysozoa	Insecta	Leffler	TRUE	0.00295	10440	0.004423333333333333
Drosophila mojavensis	Arthropoda	Drosophila	Animalia	Hexapoda	Drosophilidae	Diptera	Ecdysozoa	Insecta	Leffler	TRUE	NaN	567011	0.00781
Drosophila navojoa	Arthropoda	Drosophila	Animalia	Hexapoda	Drosophilidae	Diptera	Ecdysozoa	Insecta	Leffler	TRUE	NaN	-Inf	0.00804
Drosophila novamexicana	Arthropoda	Drosophila	Animalia	Hexapoda	Drosophilidae	Diptera	Ecdysozoa	Insecta	Leffler	TRUE	NaN	130000	0.00202
Drosophila parabipectinata	Arthropoda	Drosophila	Animalia	Hexapoda	Drosophilidae	Diptera	Ecdysozoa	Insecta	Leffler	TRUE	NaN	6537563	0.013300000000000001
Drosophila persimilis	Arthropoda	Drosophila	Animalia	Hexapoda	Drosophilidae	Diptera	Ecdysozoa	Insecta	Leffler	TRUE	NaN	624127	0.00777
Drosophila pseudoananassae	Arthropoda	Drosophila	Animalia	Hexapoda	Drosophilidae	Diptera	Ecdysozoa	Insecta	Leffler	TRUE	NaN	-Inf	0.018340000000000002
Drosophila pseudoobscura	Arthropoda	Drosophila	Animalia	Hexapoda	Drosophilidae	Diptera	Ecdysozoa	Insecta	Leffler	TRUE	0.002	4061961	0.015216666666666667
Drosophila sechellia	Arthropoda	Drosophila	Animalia	Hexapoda	Drosophilidae	Diptera	Ecdysozoa	Insecta	Leffler	TRUE	NaN	282	9.6e-4
Drosophila simulans	Arthropoda	Drosophila	Animalia	Hexapoda	Drosophilidae	Diptera	Ecdysozoa	Insecta	Leffler	TRUE	0.021	3645961.212954205	0.0256
Drosophila subobscura	Arthropoda	Drosophila	Animalia	Hexapoda	Drosophilidae	Diptera	Ecdysozoa	Insecta	Leffler	TRUE	NaN	11771198	0.00988
Eichhornia paniculata	Tracheophyta	Eichhornia	Plantae	Spermatophytina	Pontederiaceae	Commelinales	Embryophyta	Magnoliopsida	Leffler	TRUE	NaN	11808056.05473452	0.001396
Eschrichtius robustus	Chordata	Eschrichtius	Animalia	Vertebrata	Eschrichtiidae	Cetacea	NA	Mammalia	Leffler	FALSE	11.8872	34596350.61343314	0.00117
Eulemur coronatus	Chordata	Eulemur	Animalia	Vertebrata	Lemuridae	Primates	NA	Mammalia	Leffler	TRUE	0.3556	108447.68716176625	0.0028100000000000004
Eulemur mongoz	Chordata	Eulemur	Animalia	Vertebrata	Lemuridae	Primates	NA	Mammalia	Leffler	TRUE	0.82296	61954.602348793516	0.00244
Ficedula albicollis	Chordata	Ficedula	Animalia	Vertebrata	Muscicapidae	Passeriformes	NA	Aves	Leffler	TRUE	0.1275	12269686.408869779	0.0038
Ficedula hypoleuca	Chordata	Ficedula	Animalia	Vertebrata	Muscicapidae	Passeriformes	NA	Aves	Leffler	TRUE	0.12954	8503688.184545556	0.0031
Galago moholi	Chordata	Galago	Animalia	Vertebrata	Galagidae	Primates	NA	Mammalia	Leffler	TRUE	0.3683	4358808.912670342	0.0020399999999999997
Gasterosteus aculeatus	Chordata	Gasterosteus	Animalia	Vertebrata	Gasterosteidae	Gasterosteiformes	NA	Teleostei	Leffler	TRUE	0.051	10139680.577958876	0.002328
Gorilla beringei/gorilla	Chordata	Gorilla	Animalia	Vertebrata	Hominidae	Primates	NA	Mammalia	Leffler	TRUE	1.675	890016.8244566334	0.0011915
Gryllus firmus	Arthropoda	Gryllus	Animalia	Hexapoda	Gryllidae	Orthoptera	Ecdysozoa	Insecta	Leffler	TRUE	0.0058	517128.6578024675	0.00889
Gryllus pennsylvanicus	Arthropoda	Gryllus	Animalia	Hexapoda	Gryllidae	Orthoptera	Ecdysozoa	Insecta	Leffler	TRUE	0.022	8328440.007680068	0.00928
Gulo gulo	Chordata	Gulo	Animalia	Vertebrata	Mustelidae	Carnivora	NA	Mammalia	Leffler	TRUE	0.86	16556578.284943977	2.9e-4
Heliconius cydno	Arthropoda	Heliconius	Animalia	Hexapoda	Nymphalidae	Lepidoptera	Ecdysozoa	Insecta	Leffler	TRUE	0.0405	1253923.7371354047	0.024249999999999997
Heliconius hecale	Arthropoda	Heliconius	Animalia	Hexapoda	Nymphalidae	Lepidoptera	Ecdysozoa	Insecta	Leffler	TRUE	0.018	5984891.0587643115	0.02106
Heliconius melpomene	Arthropoda	Heliconius	Animalia	Hexapoda	Nymphalidae	Lepidoptera	Ecdysozoa	Insecta	Leffler	TRUE	0.037	11035869.209090635	0.01996
Heliconius pachinus	Arthropoda	Heliconius	Animalia	Hexapoda	Nymphalidae	Lepidoptera	Ecdysozoa	Insecta	Leffler	TRUE	0.0375	30375.286990051634	0.01881
Histoplasma capsulatum	NA	Histoplasma	NA	NA	NA	NA	NA	NA	Leffler	TRUE	NaN	2755804.741044318	0.021949999999999997
Homo sapiens	Chordata	Homo	Animalia	Vertebrata	Hominidae	Primates	NA	Mammalia	Leffler	TRUE	1.65	496890000	0.0011283333333333332
Hoolock leuconedys	Chordata	Hoolock	Animalia	Vertebrata	Hylobatidae	Primates	NA	Mammalia	Leffler	TRUE	0.75	-Inf	0.0021
Hylobates agilis/lar/moloch/pileatus	Chordata	Hylobates	Animalia	Vertebrata	Hylobatidae	Primates	NA	Mammalia	Leffler	TRUE	0.5375	978183.5589721954	0.0025525
Ixodes ricinus	Arthropoda	Ixodes	Animalia	Chelicerata	Ixodidae	Ixodida	Ecdysozoa	Euchelicerata	Leffler	TRUE	0.011	5890367.5222983025	0.0087
Limenitis arthemis	Arthropoda	Limenitis	Animalia	Hexapoda	Nymphalidae	Lepidoptera	Ecdysozoa	Insecta	Leffler	TRUE	0.079	15655017.669462848	0.014280000000000001
Lutzomyia intermedia	Arthropoda	Lutzomyia	Animalia	Hexapoda	Psychodidae	Diptera	Ecdysozoa	Insecta	Leffler	TRUE	0.003	-Inf	0.01165
Lutzomyia whitmani	Arthropoda	Lutzomyia	Animalia	Hexapoda	Psychodidae	Diptera	Ecdysozoa	Insecta	Leffler	TRUE	0.003	0	0.01592
Lynx lynx	Chordata	Lynx	Animalia	Vertebrata	Felidae	Carnivora	NA	Mammalia	Leffler	TRUE	0.87	7738791.66312207	1.03e-4
Macaca mulatta	Chordata	Macaca	Animalia	Vertebrata	Cercopithecidae	Primates	NA	Mammalia	Leffler	TRUE	0.500380001	9300750.60917664	0.0028799999999999997
Malurus melanocephalus	Chordata	Malurus	Animalia	Vertebrata	Maluridae	Passeriformes	NA	Aves	Leffler	TRUE	0.115	3796189.6318128207	0.012
Melanoplus oregonensis	Arthropoda	Melanoplus	Animalia	Hexapoda	Acrididae	Orthoptera	Ecdysozoa	Insecta	Leffler	TRUE	0.03125	855505.4548384189	0.00935
Mesobuthus cyprius/gibbosus	Arthropoda	Mesobuthus	NA	NA	NA	Scorpiones	NA	Arachnida	Leffler	TRUE	0.06	97949.87875745776	0.0125172
Monodelphis domestica	Chordata	Monodelphis	Animalia	Vertebrata	Didelphidae	Didelphimorphia	NA	Mammalia	Leffler	TRUE	0.14732	2247996.104933871	0.00164
Mus musculus	Chordata	Mus	Animalia	Vertebrata	Muridae	Rodentia	NA	Mammalia	Leffler	TRUE	0.15375	65593985.29725026	0.004788666666666667
Nasonia vitripennis	Arthropoda	Nasonia	NA	NA	NA	Hymenoptera	NA	Insecta	Leffler	TRUE	0.003	20014000	0.0016
Neurospora crassa	Ascomycota	Neurospora	NA	NA	NA	Sordariales	NA	Sordariomycetes	Leffler	TRUE	NaN	416577.2761115271	0.0023499999999999997
Nomascus gabriellae/leucogenys	Chordata	Nomascus	Animalia	Vertebrata	Hylobatidae	Primates	NA	Mammalia	Leffler	TRUE	0.7	189960.97793641494	0.002385
Nycticebus coucang	Chordata	Nycticebus	Animalia	Vertebrata	Lorisidae	Primates	NA	Mammalia	Leffler	TRUE	0.3048	3328416.9281970286	0.00214
Oncorhynchus tshawytscha	Chordata	Oncorhynchus	Animalia	Vertebrata	Salmonidae	Salmoniformes	NA	Teleostei	Leffler	TRUE	0.7	5806199.368720492	0.0026075
Oryctolagus cuniculus	Chordata	Oryctolagus	Animalia	Vertebrata	Leporidae	Lagomorpha	NA	Mammalia	Leffler	TRUE	0.4191	19406128.25688764	0.00843
Pan paniscus	Chordata	Pan	Animalia	Vertebrata	Hominidae	Primates	NA	Mammalia	Leffler	TRUE	0.762	275418.3213953663	0.001
Pan troglodytes	Chordata	Pan	Animalia	Vertebrata	Hominidae	Primates	NA	Mammalia	Leffler	TRUE	0.79248	6706281.364777429	0.0017633333333333333
Papilio dardanus	Arthropoda	Papilio	Animalia	Hexapoda	Papilionidae	Lepidoptera	Ecdysozoa	Insecta	Leffler	TRUE	0.075	14196636.43568612	0.017
Paracoccidioides brasiliensis PS2/PS3/S1	Ascomycota	Paracoccidioides	NA	NA	NA	Onygenales	NA	Eurotiomycetes	Leffler	TRUE	NaN	274054.4372928464	0.00189
Paracoccidioides lutzii	Ascomycota	Paracoccidioides	NA	NA	NA	Onygenales	NA	Eurotiomycetes	Leffler	TRUE	NaN	-Inf	0.01695
Paramecium biaurelia	Ciliophora	Paramecium	Protozoa	NA	Parameciidae	Hymenostomatida	NA	Ciliatea	NA	NA	1.5e-4	NaN	0.0038
Paramecium decaurelia	Ciliophora	Paramecium	Protozoa	NA	Parameciidae	Hymenostomatida	NA	Ciliatea	NA	NA	1.2e-4	NaN	0.0104
Paramecium dodecaurelia	Ciliophora	Paramecium	Protozoa	NA	Parameciidae	Hymenostomatida	NA	Ciliatea	NA	NA	1.2e-4	NaN	0.0078000000000000005
Paramecium novaurelia	Ciliophora	Paramecium	Protozoa	NA	Parameciidae	Hymenostomatida	NA	Ciliatea	NA	NA	1.275e-4	NaN	0.0091
Paramecium octaurelia	Ciliophora	Paramecium	Protozoa	NA	Parameciidae	Hymenostomatida	NA	Ciliatea	NA	NA	1.2e-4	NaN	0.0036
Paramecium pentaurelia	Ciliophora	Paramecium	Protozoa	NA	Parameciidae	Hymenostomatida	NA	Ciliatea	NA	NA	3.3e-4	NaN	0.0017000000000000001
Paramecium primaurelia	Ciliophora	Paramecium	Protozoa	NA	Parameciidae	Hymenostomatida	NA	Ciliatea	NA	NA	1.275e-4	NaN	0.022799999999999997
Paramecium quadecaurelia	Ciliophora	Paramecium	Protozoa	NA	Parameciidae	Hymenostomatida	NA	Ciliatea	NA	NA	1.275e-4	NaN	0.0345
Paramecium septaurelia	Ciliophora	Paramecium	Protozoa	NA	Parameciidae	Hymenostomatida	NA	Ciliatea	NA	NA	1.275e-4	NaN	0.0034000000000000002
Paramecium sexaurelia	Ciliophora	Paramecium	Protozoa	NA	Parameciidae	Hymenostomatida	NA	Ciliatea	Leffler	FALSE	1.275e-4	-Inf	0.0038
Paramecium tetraurelia	Ciliophora	Paramecium	Protozoa	NA	Parameciidae	Hymenostomatida	NA	Ciliatea	Leffler	FALSE	1.275e-4	-Inf	0.0079
Paramecium triaurelia	Ciliophora	Paramecium	Protozoa	NA	Parameciidae	Hymenostomatida	NA	Ciliatea	NA	NA	1.275e-4	NaN	0.0066
Peromyscus maniculatus	Chordata	Peromyscus	Animalia	Vertebrata	Cricetidae	Rodentia	NA	Mammalia	Leffler	TRUE	0.1705	14410282.211977381	0.01313
Phlebotomus ariasi	Arthropoda	Phlebotomus	NA	NA	NA	Diptera	NA	Insecta	Leffler	TRUE	0.00225	-Inf	0.004156111111111111
Phytophthora capsici	Myxomycota	Phytophthora	Fungi	NA	Pythiaceae	Peronosporales	NA	Phycomycota	Leffler	TRUE	NaN	753667.5969789983	0.00617
Phytophthora infestans	Myxomycota	Phytophthora	Fungi	NA	Pythiaceae	Peronosporales	NA	Phycomycota	Leffler	TRUE	NaN	12683627.837970221	0.00115
Picea abies	Tracheophyta	Picea	Plantae	Spermatophytina	Pinaceae	Pinales	Embryophyta	Pinopsida	Leffler	TRUE	45	12784528.693105366	0.00709
Picea breweriana	Tracheophyta	Picea	Plantae	Spermatophytina	Pinaceae	Pinales	Embryophyta	Pinopsida	Leffler	TRUE	NaN	1016933.2419902397	0.00201
Picea glauca	Tracheophyta	Picea	Plantae	Spermatophytina	Pinaceae	Pinales	Embryophyta	Pinopsida	Leffler	TRUE	NaN	21815532.258750897	0.00905
Picea mariana	Tracheophyta	Picea	Plantae	Spermatophytina	Pinaceae	Pinales	Embryophyta	Pinopsida	Leffler	TRUE	NaN	13757346.767702542	0.00461
Pieris rapae	Arthropoda	Pieris	NA	NA	NA	Lepidoptera	NA	Insecta	Leffler	TRUE	0.05	41125767.57806648	0.020954999999999998
Pinus pinaster	Tracheophyta	Pinus	Plantae	Spermatophytina	Pinaceae	Pinales	Embryophyta	Pinopsida	Leffler	TRUE	27.5	28251.386884217132	0.0013599999999999999
Pinus radiata	Tracheophyta	Pinus	Plantae	Spermatophytina	Pinaceae	Pinales	Embryophyta	Pinopsida	Leffler	TRUE	30	11574272.777189868	7.26e-4
Pinus sylvestris	Tracheophyta	Pinus	Plantae	Spermatophytina	Pinaceae	Pinales	Embryophyta	Pinopsida	Leffler	TRUE	NaN	17609161.803541	0.005600000000000001
Pinus taeda	Tracheophyta	Pinus	Plantae	Spermatophytina	Pinaceae	Pinales	Embryophyta	Pinopsida	Leffler	TRUE	32.5	8320580.2517343555	0.00746
Plasmodium falciparum	Apicomplexa	Plasmodium	NA	NA	NA	Haemosporida	NA	Aconoidasida	Leffler	TRUE	NaN	212112.45796058394	0.0014166666666666668
Plasmodium vivax	NA	Plasmodium	NA	NA	NA	NA	NA	NA	NA	NA	NaN	NaN	6.16e-4
Pongo abelii/pygmaeus	Chordata	Pongo	Animalia	Vertebrata	Hominidae	Primates	NA	Mammalia	Leffler	TRUE	0.82296	1175543.4640503535	0.0031
Populus balsamifera	Tracheophyta	Populus	Plantae	Spermatophytina	Salicaceae	Malpighiales	Embryophyta	Magnoliopsida	Leffler	TRUE	NaN	25370246.68922014	0.004
Populus tremula	Tracheophyta	Populus	Plantae	Spermatophytina	Salicaceae	Malpighiales	Embryophyta	Magnoliopsida	Leffler	TRUE	22.5	20464576.92487735	0.01455
Populus trichocarpa	Tracheophyta	Populus	Plantae	Spermatophytina	Salicaceae	Malpighiales	Embryophyta	Magnoliopsida	Leffler	TRUE	30.48	5064694.018558415	0.00449
Propithecus coquereli	Chordata	Propithecus	Animalia	Vertebrata	Indriidae	Primates	NA	Mammalia	Leffler	TRUE	0.46	58890.21977360684	0.00681
Saccharomyces cerevisiae	Ascomycota	Saccharomyces	Fungi	Saccharomycotina	Saccharomycetaceae	Saccharomycetales	NA	Saccharomycetes	Leffler	TRUE	NaN	14204065.453657957	0.0015133333333333335
Saccharomyces paradoxus	Ascomycota	Saccharomyces	Fungi	Saccharomycotina	Saccharomycetaceae	Saccharomycetales	NA	Saccharomycetes	Leffler	TRUE	NaN	2975111.7034344804	0.0027333333333333333
Sceloporus undulatus	Chordata	Sceloporus	Animalia	Vertebrata	Iguanidae	Squamata	NA	Reptilia	Leffler	TRUE	NaN	7055470.265626975	0.00623
Silene latifolia	Tracheophyta	Silene	Plantae	Spermatophytina	Caryophyllaceae	Caryophyllales	Embryophyta	Magnoliopsida	Leffler	TRUE	NaN	23971931.593755495	0.0288
Sistrurus catenatus	Chordata	Sistrurus	Animalia	Vertebrata	Viperidae	Squamata	NA	Reptilia	Leffler	TRUE	0.68	4523953.522844026	3.115e-4
Spermophilus parryii	Chordata	Spermophilus	Animalia	Vertebrata	Sciuridae	Rodentia	NA	Mammalia	Leffler	TRUE	0.39	4034307.9003857803	0.0025900000000000003
Strongylocentrotus droebachiensis	Echinodermata	Strongylocentrotus	Animalia	Echinozoa	Strongylocentrotidae	Echinoida	NA	Echinoidea	Leffler	FALSE	0.05	27073070.970619414	0.014499999999999999
Strongylocentrotus pallidus	Echinodermata	Strongylocentrotus	Animalia	Echinozoa	Strongylocentrotidae	Echinoida	NA	Echinoidea	Leffler	FALSE	0.08	14432526.170952301	0.02492
Strongylocentrotus purpuratus	Echinodermata	Strongylocentrotus	Animalia	Echinozoa	Strongylocentrotidae	Echinoida	NA	Echinoidea	Leffler	FALSE	0.02	8175203.216182709	0.0169
Symphalangus syndactylus	Chordata	Symphalangus	Animalia	Vertebrata	Hylobatidae	Primates	NA	Mammalia	Leffler	TRUE	0.57912	483142.16471120715	0.00168
Taeniopygia guttata	Chordata	Taeniopygia	Animalia	Vertebrata	Estrildidae	Passeriformes	NA	Aves	Leffler	TRUE	0.10414	10488791.550231935	0.0060750000000000005
Takifugu rubripes	Chordata	Takifugu	Animalia	Vertebrata	Tetraodontidae	Tetraodontiformes	NA	Teleostei	Leffler	FALSE	0.4	2195138.166343842	0.004
Tupaia belangeri	Chordata	Tupaia	Animalia	Vertebrata	Tupaiidae	Scandentia	NA	Mammalia	Leffler	TRUE	0.17	2951284.7683458827	0.00532
Varecia variegata variegata	Chordata	Varecia	Animalia	Vertebrata	Lemuridae	Primates	NA	Mammalia	Leffler	TRUE	0.503	158267.23594783468	0.00375
Volvox carteri	Chlorophyta	Volvox	Plantae	Chlorophytina	Volvocaceae	Chlamydomonadales	NA	Chlorophyceae	NA	NA	NaN	NaN	0.00446
Zonotrichia albicollis	Chordata	Zonotrichia	Animalia	Vertebrata	Emberizidae	Passeriformes	NA	Aves	Leffler	TRUE	0.17018	11059156.647515217	0.0066
