data_source,ref,year,species,species_ott,group,parpath,genome_size_Mb,hcn,map_length,sexual_system,refnum,size,size_source,size_notes,num_markers,marker_type,map_link,map_notes
Stapley et al (2017),Butcher,2000,Acacia mangium,Acacia_mangium_ott444202,Plants,n,635.7,13,966,NA,1,8,EOL,,252,RFLP;MS,,
Stapley et al (2017),Sirvio,2011,Acromyrmex echinatior,Acromyrmex_echinatior_ott735589,Animals,n,335,19,2033.8,male.haploid,2,0.0055,WP,,145,AFLP,,
Stapley et al (2017),Wang,2009,Acropora millepora,Acropora_millepora_ott5908120,Animals,n,420,14,1391,hermaphrodite,3,,,,429,SNP;MS,,
Stapley et al (2017),Scaglione,2015,Actinidia chinensis,Actinidia_chinensis_ott279981,Plants,n,1408.32,29,3445,NA,4,3,EOL,,12753,RAD:SSR,,
Stapley et al (2017),Hawthorne,2001,Acyrthosiphon pisum,Acyrthosiphon_pisum_ott814484,Animals,n,165,5,394,parthenogenic,5,0.004,WP,,173,AFLP,,
Stapley et al (2017),Juneja,2014,Aedes aegypti,Aedes_aegypti_ott269666,Animals,n,942.14,3,235,gonochorous,6,0.0026325,https://academic.oup.com/jme/article/41/4/634/883614,,2006,RAD,,
Stapley et al (2017),Sutherland,2011,Aedes albopictus,Aedes_albopictus_ott793181,Animals,n,1090.47,3,212.6,gonochorous,7,0.00263,WP,,172,cDNA,,
Stapley et al (2017),Olivera,2013,Aegilops sharonensis,Aegilops_sharonensis_ott327444,Plants,n,6894.9,7,818,NA,8,0.8,WP,genus level estimate,401,DArT;SSR,,
Stapley et al (2017),Luo,2013,Aegilops tauschii,Aegilops_tauschii_ott881533,Plants,n,4327.21,7,1374.4,NA,9,0.750825,https://www.frontiersin.org/articles/10.3389/fpls.2019.00211/full,,7185,SNP,,
Stapley et al (2017),Edae,2017,Aegilops umbellulata,Aegilops_umbellulata_ott790374,Plants,n,4938.9,7,948.72,NA,10,0.8,WP,genus level estimate,2395,SNP,,
Stapley et al (2017),Foulogne-Oriol,2010,Agaricus bisporus,Agaricus_bisporus_ott564405,Fungi,n,30.2337,13,1156,NA,11,0.06,WP,,320,AFLP;SSR;CAPS,,
Stapley et al (2017),Rotter,2009,Agrostis capillaris,Agrostis_capillaris_ott550221,Plants,n,4000.02,14,1156,NA,12,0.28,WOL,,212,AFLP,,
Stapley et al (2017),Honig,2014,Agrostis stolonifera,Agrostis_stolonifera_ott307879,Plants,n,3423,14,1424,NA,13,0.32,WOL,,424,RAPD;AFLP;cDNA;RFLP,,
Stapley et al (2017),Baldwin,2012,Allium cepa,Allium_cepa_ott781600,Plants,n,16381.5,9,808,NA,14,0.43,WOL,,16836,indel;SNP,,
Stapley et al (2017),Maughan,2011,Amaranthus hybridus,Amaranthus_hybridus_ott317810,Plants,n,616.14,16,1288,NA,15,2.5,WP,,419,SNP,,
Stapley et al (2017),Smith,2005,Ambystoma tigrinum,Ambystoma_tigrinum_ott1092552,Animals,n,30875.46,14,5251.3,gonochorous,16,0.17,WP,,1095,EST;AFLP,,
Stapley et al (2017),deSousa,2013,Ananas comosus,Ananas_comosus_ott627039,Plants,n,537.9,25,2113,NA,17,0.91,WOL,,,,,
Stapley et al (2017),Huang,2009,Anas platyrhynchos,Anas_platyrhynchos_ott765167,Animals,n,1375.72,40,1766,gonochorous,18,0.5842,WP,,260,AFLP,,
Stapley et al (2017),Kai,2014,Anguilla japonica,Anguilla_japonica_ott854198,Animals,n,1151.14,19,1436.5,gonochorous,19,0.4,EOL,,2787,SNP;SSR,,
Stapley et al (2017),Wondji,2007,Anopheles funestus,Anopheles_funestus_ott286257,Animals,n,225.224,3,145,gonochorous,20,0.003,WP,genus level estimate,53,MS,,
Stapley et al (2017),Rondeau,2013,Anoplopoma fimbria,Anoplopoma_fimbria_ott441856,Animals,n,757.95,24,1332.8,NA,21,0.75,WOL,,755,SNP;MS,,
Stapley et al (2017),Venkat,2014,Anthurium andreanum,Anthurium_longicaudatum_ott3999674,Plants,n,4694.4,15,1023.5,NA,22,0.381,http://www.missouribotanicalgarden.org/PlantFinder/PlantFinderDetails.aspx?kempercode=b575,,,,,
Stapley et al (2017),Shi,2013,Apis cerana,Apis_cerana_ott625771,Animals,n,185.82,16,574.5,male.haploid,23,0.01084,"Thiripurasundari S, Balasubramanian S, Varadharajan M 2017 ",,1535,SNP,,
Stapley et al (2017),Wilfert,2007,Apis mellifera,Apis_mellifera_ott461645,Animals,n,229.83,16,4115,male.haploid,24,0.015,WP,,2008,MS,,
Stapley et al (2017),Tian,2015,Apostichopus japonicus,Apostichopus_japonicus_ott721060,Animals,n,664.37,22,3706.6,gonochorous,25,0.25,http://www.fao.org/fishery/culturedspecies/Stichopus_japonicus/en,,7839,GBS,,
Stapley et al (2017),Willems,2007,Arabidopsis halleri,Arabidopsis_halleri_ott152273,Plants,n,234.72,8,567,NA,26,0.225,WP,,,,,
Stapley et al (2017),Singer,2015,Arabidopsis thaliana,Arabidopsis_thaliana_ott309263,Plants,n,123.5,5,422.5,NA,27,0.25,WP,,,,,
Stapley et al (2017),Nagy,2010,Arachis duranensis,Arachis_duranensis_ott607569,Plants,n,1242.06,10,1081.3,NA,28,0.4,WP,genus level estimate,,,,
Stapley et al (2017),Zhou,2014,Arachis hypogaea,Arachis_hypogaea_ott39541,Plants,n,2806.86,20,1446.7,NA,29,0.4,WP,genus level estimate,,,,
Stapley et al (2017),Li,2012,Argopecten irradians,Argopecten_irradians_ott6370122,Animals,n,1173.6,16,849.3,NA,30,0.075,https://www.sealifebase.ca/summary/Argopecten-irradians.html,,161,MS,,
Stapley et al (2017),Zhu,2014,Aristichthys nobilis,Argopecten_irradians_ott887220,Animals,n,865.53,24,1917.3,gonochorous,31,0.6,WP,,659,MS,,
Stapley et al (2017),DeVos,2013,Artemia franciscana,Artemia_franciscana_ott59094,Animals,n,948.66,21,1177,gonochorous,32,0.01,WP,,433,AFLP,,
Stapley et al (2017),Phan,2003,Ascochyta rabiei,Didymella_rabiei_ott5712886,Fungi,y,34.6583,14,1271,NA,33,0.0000001,https://www.researchgate.net/figure/Conidia-of-representative-isolate-of-Ascochyta-rabiei-AR19-Punjab_fig2_307547076,estimate from image,,,,
Stapley et al (2017),Christians,2011,Aspergillus nidulans,Aspergillus_nidulans_ott117339,Fungi,n,30.2427,8,3624.7,NA,34,0.00000525,https://academic.oup.com/mmy/article/43/Supplement_1/S125/990297,,,,,
Stapley et al (2017),Sanetra,2009,Astatotilapia burtoni,Astatotilapia_ott710024,Animals,n,948.66,20,1249.3,NA,35,0.15,EOL,,204,MS,,
Stapley et al (2017),Carlson,2015,Astyanax mexicanus,Astyanax_mexicanus_ott701518,Animals,n,1191.24,25,2110.7,gonochorous,36,0.12,WP,,2200,GBS,,
Stapley et al (2017),Chafffin,2016,Avena sativa,Avena_sativa_ott790381,Plants,n,12938.94,21,2843,NA,37,0.6096,USDA,https://plants.usda.gov/java/charProfile?symbol=AVSA,,,,
Stapley et al (2017),Sim,2017,Bactrocera cucurbitae,Bactrocera_cucurbitae_ott227727,Animals,n,373,5,646,gonochorous,38,0.007,WP,,944,RAD,,
Stapley et al (2017),Kuzina,2011,Barbarea vulgaris,Barbarea_vulgaris_ott35910,Plants,n,167.352,8,889,NA,39,1.2192,https://www.minnesotawildflowers.info/flower/garden-yellow-rocket,,,,,
Stapley et al (2017),Brennan,2012,Begonia plebeja,Begonia_plebeja_ott434483,Plants,n,616.14,14,1099,NA,40,0.5334,https://www.missouribotanicalgarden.org/PlantFinder/PlantFinderDetails.aspx?kempercode=c843,,,,,
Stapley et al (2017),Laurent,2007,Beta vulgaris,Beta_vulgaris_ott273185,Plants,n,1222.5,9,555,NA,41,0.01,WP,,,,,
Stapley et al (2017),Jiang,2011,Betula pendula,Betula_pendula_ott267719,Plants,n,1369.2,14,2489.7,NA,42,20,WP,,,,,
Stapley et al (2017),Beldade,2009,Bicyclus anynana,Mycalesis_anynana_ott3108421,Animals,n,479.22,28,1642.2,gonochorous,43,0.04225,WP,wingspan,508,SNP,,
Stapley et al (2017),Schnabel,2003,Bison bison,Bison_bison_ott907693,Animals,n,4792.2,30,2647,gonochorous,44,2.83464,WP,,292,MS,,
Stapley et al (2017),VantHof,2013,Biston betularia,Biston_betularia_ott968114,Animals,n,500,31,1638,gonochorous,45,0.055,WP,wingspan,395,AFLP;genes;BACs;MS,,
Stapley et al (2017),Liu,2014,Boehmeria nivea,Boehmeria_nivea_ott594991,Plants,n,716,14,2265.1,NA,46,1.75,WP,,,,,
Stapley et al (2017),Stolle,2011,Bombus terrestris,Bombus_terrestris_ott161197,Animals,n,518.34,18,2047,male.haploid,47,0.01666,WP,,516,SSR,,
Stapley et al (2017),Zhan,2009,Bombyx mori,Bombyx_mori_ott440274,Animals,n,513.45,28,3320,gonochorous,48,0.04,WP,,251,SSR,,
Stapley et al (2017),Ihara,2004,Bos taurus,Bos_taurus_ott490099,Animals,n,3537.1,31,3159.1,gonochorous,49,2.45,WP,,2389,MS,,
Stapley et al (2017),Holloway,2001,Bracon hebetor,Bracon_brevicornis_ott3293364,Animals,y,165,10,536.1,male.haploid,50,0.003,,,72,RAPD;pheno,,
Stapley et al (2017),Cheng,2009,Brassica campestris,Brassica_rapa_subsp_oleifera_ott240937,Plants,n,567.24,10,973.3,NA,51,0.6096,USDA,https://plants.usda.gov/plantguide/pdf/pg_brrar.pdf,,,,
Stapley et al (2017),Zou,2014,Brassica carinata,Brassica_carinata_ott749459,Plants,n,1545.24,17,2048,NA,52,1.4,https://pfaf.org/user/Plant.aspx?LatinName=Brassica+carinata,,,,,
Stapley et al (2017),Zou,2016,Brassica juncea,Brassica_juncea_ott309279,Plants,n,1496.34,18,1579,NA,53,0.8,https://pfaf.org/user/Plant.aspx?LatinName=Brassica+juncea,,,,,
Stapley et al (2017),Zhang,2016,Brassica napus,Brassica_napus_ott309234,Plants,n,1124.7,19,1917.9,NA,54,1,WP,,,,,
Stapley et al (2017),Zhao,2016,Brassica oleracea,Brassica_oleracea_ott833642,Plants,n,762.8,9,890.01,NA,55,0.6096,WP,,,,,
Stapley et al (2017),Yu,2016,Brassica rapa,Brassica_rapa_ott833632,Plants,n,782.4,10,858.98,NA,56,0.7,USDA,,,,,
Stapley et al (2017),Bohra,2012,Cajanus cajan,Cajanus_cajan_ott612448,Plants,n,860.64,11,1059,NA,57,1.3716,USDA,,,,,
Stapley et al (2017),Gehringer,2006,Camelina sativa,Camelina_sativa_ott776348,Plants,n,641.356,20,1385.6,NA,58,2,USDA,https://plants.usda.gov/plantguide/pdf/pg_casa2.pdf,,,,
Stapley et al (2017),Taniguchi,2012,Camellia sinensis,Camellia_sinensis_ott1058509,Plants,n,3814.2,15,1218,NA,59,3.81,http://www.missouribotanicalgarden.org/PlantFinder/PlantFinderDetails.aspx?taxonid=287342,,,,,
Stapley et al (2017),Wong,2010,Canis lupus,Canis_lupus_ott247341,Animals,n,2748.18,39,2085.1,gonochorous,60,1.6002,WP,,3000,MS,,
Stapley et al (2017),Schibler,1998,Capra hircus,Capra_hircus_ott19017,Animals,n,3168.72,30,2737,gonochorous,61,1.2573,WP,,307,MS;BACs,,
Stapley et al (2017),Linde,2001,Capsella bursa-pastoris,Capsella_bursa_pastoris_ott833644,Plants,n,391.2,16,1064.4,NA,62,0.5,WP,,,,,
Stapley et al (2017),Han,2016,Capsicum annuum,Capsicum_annuum_ott473836,Plants,n,3090.48,12,1372,NA,63,0.5334,http://www.missouribotanicalgarden.org/PlantFinder/PlantFinderDetails.aspx?kempercode=a685,,,,,
Stapley et al (2017),Lee,2016,Capsicum baccatum,Capsicum_baccatum_ott232458,Plants,n,3628.38,12,1056,NA,64,2,https://pfaf.org/user/Plant.aspx?LatinName=Capsicum+baccatum,,,,,
Stapley et al (2017),Kuang,2016,Carassius auratus,Carassius_auratus_ott1005907,Animals,n,1643.04,50,5252,NA,65,0.48,http://www.fishbase.org/summary/Carassius-auratus.html,based on wild size; consulted STF,8521,RNA-seq,,
Stapley et al (2017),Chen,2007,Carica papaya,Carica_papaya_ott429474,Plants,n,372,18,1069.9,NA,66,10,https://pfaf.org/user/Plant.aspx?LatinName=Carica+papaya,,,,,
Stapley et al (2017),Bowers,2016,Carthamus tinctorius,Carthamus_tinctorius_ott1061541,Plants,n,1369.2,12,959.44,NA,67,0.9,WP,,,,,
Stapley et al (2017),Kubisiak,2013,Castanea mollissima,Castanea_mollissima_ott540978,Plants,n,833.241,12,743,NA,68,16,WP,,,,,
Stapley et al (2017),Sharma,2011,Catharanthus roseus,Catharanthus_roseus_ott524094,Plants,n,2376.5,6,1790.4,NA,69,0.3048,http://www.missouribotanicalgarden.org/PlantFinder/PlantFinderDetails.aspx?kempercode=a569,,,,,
Stapley et al (2017),Nakazato,2006,Ceratopteris richardii,Ceratopteris_cornuta_ott609865,Plants,n,11294,39,2178.8,NA,70,0.35,https://www.frontiersin.org/articles/10.3389/fpls.2013.00367/full,,,,,
Stapley et al (2017),Maughan,2012,Chenopodium quinoa,Chenopodium_quinoa_ott117198,Plants,n,1447.44,18,1404,NA,71,1.5,WP,,,,,
Stapley et al (2017),Chen,2010,Chimonanthus praecox,Chimonanthus_praecox_ott324777,Plants,n,600,11,1801,NA,72,3.81,http://www.missouribotanicalgarden.org/PlantFinder/PlantFinderDetails.aspx?taxonid=278793&isprofile=0&=,,,,,
Stapley et al (2017),Kathir,2003,Chlamydomonas reinhardtii,Chlamydomonas_reinhardtii_ott33153,Plants,n,120.405,17,1000,NA,73,0.00001,,,,,,
Stapley et al (2017),Zhan,2009,Chlamys farreri,Notochlamys_hexactes_ott100122,Animals,n,1244.016,19,1561.8,NA,74,0.085,WP,genus level estimate,154,MS,,
Stapley et al (2017),Gaur,2015,Cicer arietinum,Cicer_arietinum_ott612429,Plants,n,929.1,8,1083.93,NA,75,0.4,https://www.feedipedia.org/node/319,,,,,
Stapley et al (2017),Kano,2007,Ciona intestinalis,Ciona_intestinalis_ott744224,Animals,n,150,14,4218.9,hermaphrodite,76,0.2,WP,,125,AFLP,,
Stapley et al (2017),Hill,2008,Ciona savignyi,Ciona_savignyi_ott677382,Animals,n,170,14,650,hermaphrodite,77,0.15,WP,,182,CAINS,,
Stapley et al (2017),Reddy,2014,Citrullus lanatus,Citrullus_lanatus_ott1006251,Plants,n,440.1,11,1096,NA,78,0.5,https://pfaf.org/user/Plant.aspx?LatinName=Citrullus+lanatus,,,,,
Stapley et al (2017),Ollitrault,2012,Citrus clementina,Citrus_aurantium_ott3942423,Plants,n,301.365,9,1084.1,NA,79,5.334,http://www.missouribotanicalgarden.org/PlantFinder/PlantFinderDetails.aspx?taxonid=244327,,,,,
Stapley et al (2017),Guo,2015,Citrus sinensis,Citrus_sinensis_ott3942433,Plants,n,490.956,9,976.58,NA,80,9.144,https://www.missouribotanicalgarden.org/PlantFinder/PlantFinderDetails.aspx?taxonid=244331&isprofile=0&,,,,,
Stapley et al (2017),Kaiser,2012,Clunio marinus,Clunio_marinus_ott192116,Animals,n,95,3,179.65,gonochorous,81,0.0015,EOL,,344,AFLP;genes;MS,,
Stapley et al (2017),Riedel,2009,Cocos nucifera,Cocos_nucifera_ott366250,Plants,n,3107.106,16,2739,NA,82,30,WP,,,,,
Stapley et al (2017),Moncada,2016,Coffea arabica,Coffea_arabica_ott1001050,Plants,n,1173.6,22,3800,NA,83,7.62,http://www.missouribotanicalgarden.org/PlantFinder/PlantFinderDetails.aspx?kempercode=b632,,,,,
Stapley et al (2017),Muraguchi,2003,Coprinus cinereus,Coprinopsis_cinerea_ott737441,Fungi,n,37.5,13,1346,NA,84,0.01,https://healing-mushrooms.net/archives/coprinopsis-cinerea.html,,,,,
Stapley et al (2017),Biswass,2015,Corchorus capsularis,Corchorus_capsularis_ott679189,Plants,n,586.8,7,2016,NA,85,3.5,https://pfaf.org/user/Plant.aspx?LatinName=Corchorus+capsularis,,,,,
Stapley et al (2017),Kundu,2015,Corchorus olitorius,Corchorus_olitorius_ott578269,Plants,n,909.54,7,358.5,NA,86,1.5,WP,,,,,
Stapley et al (2017),Gagnaire,2013,Coregonus clupeaformis,Coregonus_clupeaformis_ott629345,Animals,n,2386.32,40,3061,NA,87,0.541,WP,,3438,RAD,,
Stapley et al (2017),Wang,2009,Cornus florida,Cornus_florida_ott148264,Plants,n,1545.24,7,1175,NA,88,6.858,https://www.missouribotanicalgarden.org/PlantFinder/PlantFinderDetails.aspx?kempercode=c280,,,,,
Stapley et al (2017),Kikuchi,2005,Coturnix japonica,Coturnix_japonica_ott803622,Animals,n,1320.3,32,2816,gonochorous,89,0.1945,https://animaldiversity.org/accounts/Coturnix_japonica/#physical_description,wingspan,1747,AFLP;Ms;sex;pheno,,
Stapley et al (2017),Hedgecock,2015,Crassostrea gigas,Crassostrea_gigas_ott987409,Animals,n,557.736,10,588,seq.hermaphrodite,90,0.24257,WP,,1166,SNP;MS,,
Stapley et al (2017),Yu,2003,Crassostrea virginica,Crassostrea_virginica_ott365708,Animals,n,675,10,905,NA,91,0.1,https://animaldiversity.org/accounts/Crassostrea_virginica/,,145,AFLP;MS,,
Stapley et al (2017),Miles,2009,Crocodylus porosus,Crocodylus_porosus_ott35872,Animals,n,2049.54,17,1071.55,gonochorous,92,3.7719,WP,,203,MS,,
Stapley et al (2017),Marra,2004,Cryptococcus neoformans,Cryptococcus_neoformans_ott48333,Fungi,y,19.0519,14,1500,NA,93,0.000005,https://www.sciencedirect.com/topics/neuroscience/cryptococcus-neoformans,,,,,
Stapley et al (2017),Moriguchi,2016,Cryptomeria japonica,Cryptomeria_japonica_ott620749,Plants,n,10758,11,1266.2,NA,94,16.764,http://www.missouribotanicalgarden.org/PlantFinder/PlantFinderDetails.aspx?kempercode=a158,,,,,
Stapley et al (2017),Xia,2010,Ctenopharyngodon idella,Ctenopharyngodon_idella_ott1005936,Animals,n,1004.54571,24,1176.1,gonochorous,95,0.107,https://www.fishbase.se/summary/Ctenopharyngodon-idella.html,,279,SNP;MS,,
Stapley et al (2017),Diaz,2011,Cucumis melo,Cucumis_melo_ott1006256,Plants,n,929.1,12,1150,NA,96,1.524,https://pfaf.org/user/Plant.aspx?LatinName=Cucumis+melo,,,,,
Stapley et al (2017),Zhu,2016,Cucumis sativus,Cucumis_sativus_ott1006246,Plants,n,195.669,7,1061.19,NA,97,2,https://pfaf.org/user/Plant.aspx?LatinName=Cucumis+sativus,,,,,
Stapley et al (2017),Zhang,2015,Cucurbita maxima,Cucurbita_maxima_ott379272,Plants,n,449.88,20,2533.8,NA,98,0.4,http://climbers.lsa.umich.edu/?p=3372,,,,,
Stapley et al (2017),Gong,2008,Cucurbita moschata,Cucurbita_moschata_ott84409,Plants,n,420.54,20,1936,NA,99,0.6,https://pfaf.org/user/Plant.aspx?LatinName=Cucurbita+moschata,,,,,
Stapley et al (2017),Montero-Pau,2017,Cucurbita pepo,Cucurbita_pepo_ott379282,Plants,n,537.9,20,2817.6,NA,100,0.5334,WP,,,,,
Stapley et al (2017),Hickner,2013,Culex pipiens,Culex_pipiens_ott218684,Animals,n,684.6,3,189.9,gonochorous,101,0.005,WP,,61,MS,,
Stapley et al (2017),Hansson,2010,Cyanistes caeruleus,Cyanistes_caeruleus_ott746120,Animals,n,1437.66,39,935,gonochorous,102,0.12,http://www.luontoportti.com/suomi/en/linnut/blue-tit,,89,MS,,
Stapley et al (2017),Portis,2009,Cynara cardunculus,Cynara_cardunculus_ott991885,Plants,n,1075.8,17,1251.15,NA,103,0.9144,http://www.missouribotanicalgarden.org/PlantFinder/PlantFinderDetails.aspx?taxonid=277562&isprofile=0&,,,,,
Stapley et al (2017),Harris-Shultz,2010,Cynodon dactylon,Cynodon_dactylon_ott927435,Plants,n,1110.03,18,1055,NA,104,0.085,WP,,,,,
Stapley et al (2017),Song,2012,Cynoglossus semilaevis,Cynoglossus_semilaevis_ott906506,Animals,n,606.36,21,1624,gonochorous,105,0.4,http://www.fao.org/3/y0870e/y0870e52.pdf,,1007,MS,,
Stapley et al (2017),Zhao,2013,Cyprinus carpio,Cyprinus_carpio_ott429083,Animals,n,1741.9158,50,3565.9,gonochorous,106,0.31,https://www.fishbase.in/summary/Cyprinus-carpio+carpio.html,,1209,MS,,
Stapley et al (2017),Zhao,2016,Dactylis glomerata,Dactylis_glomerata_ott83469,Plants,n,4303.2,7,715.77,NA,107,0.4191,https://plants.usda.gov/plantguide/pdf/pg_dagl.pdf,,,,,
Stapley et al (2017),Bradley,2011,Danio rerio,Danio_rerio_ott1005914,Animals,n,1817.124,25,2177.363,gonochorous,108,0.0275,WP,,618,SNP,,
Stapley et al (2017),Dukic,2016,Daphnia magna,Daphnia_magna_ott668392,Animals,n,129.543,10,1614.5,parthenogenic,109,0.0035,WP,,4037,RAD,,
Stapley et al (2017),Cristescu,2006,Daphnia pulex,Daphnia_pulex_ott59086,Animals,n,197.206,12,1206,parthenogenic,110,0.0016,WP,,109,MS,,
Stapley et al (2017),Cavagnaro,2014,Daucus carota,Daucus_carota_ott372836,Plants,n,421.539,9,635.1,NA,111,0.45,WP,,,,,
Stapley et al (2017),Yagi,2013,Dianthus caryophyllus,Dianthus_caryophyllus_ott842200,Plants,n,616.14,15,978.3,NA,112,0.8,WP,,,,,
Stapley et al (2017),Chistiakov,2008,Dicentrarchus labrax,Dicentrarchus_labrax_ott3549,Animals,n,762.84,24,1373.1,NA,113,0.5,WP,,368,AFLP;MS;SNP,,
Stapley et al (2017),Stocker,2012,Drosophila serrata,Drosophila_serrata_ott86632,Animals,n,205.38,4,245.3,gonochorous,114,0.001245,https://books.google.com/books?id=IDoTDAAAQBAJ&pg=PA65&lpg=PA65&dq=Drosophila+serrata+%22body+length%22&source=bl&ots=VL-V-VNN9n&sig=ACfU3U3qbazwbOdpUs7JooJAnJ0AfX1IjQ&hl=en&sa=X&ved=2ahUKEwjvgOiOqPPmAhUUv54KHajkD1kQ6AEwAXoECAsQAQ#v=onepage&q=Drosophila%20serrata%20%22body%20length%22&f=false,,58,RNA-seq,,
Stapley et al (2017),Heesch,2010,Ectocarpus siliculosus,Ectocarpus_siliculosus_ott878345,SAR,n,195.811,34,2459.3,NA,115,0.3,https://nph.onlinelibrary.wiley.com/doi/10.1111/j.1469-8137.2007.02304.x,,,,,
Stapley et al (2017),Blake,2011,Eimeria maxima,Eimeria_maxima_ott775254,SAR,y,45.9751,14,2883.9,NA,116,,,,,,,
Stapley et al (2017),Shirley,2000,Eimeria tenella,Eimeria_tenella_ott775246,SAR,y,51.8944,12,653,NA,117,,,,,,,
Stapley et al (2017),Ting,2016,Elaeis guineensis,Elaeis_guineensis_ott947656,Plants,n,1535.18,16,1499.5,NA,118,20,WP,,,,,
Stapley et al (2017),Montoya,2013,Elaeis oleifera,Elaeis_oleifera_ott210313,Plants,n,1402.73,16,1485,NA,119,20,WP,,,,,
Stapley et al (2017),Mott,2011,Elymus lanceolatus,Elymus_lanceolatus_ott173152,Plants,n,8244.54,14,2574,NA,120,0.725,https://www.fs.fed.us/database/feis/plants/graminoid/elylan/all.html,,,,,
Stapley et al (2017),Dor,2014,Epinephelus aeneus,Epinephelus_aeneus_ott306171,Animals,n,1075.8,24,969.5,hermaphrodite,121,0.6,https://www.fishbase.se/summary/426,,222,MS,,
Stapley et al (2017),Swinburne,2006,Equus caballus,Equus_caballus_ott1068218,Animals,n,3149.16,32,2772,gonochorous,122,1.63068,WP,,742,MS,,
Stapley et al (2017),Zheng,2013,Eremochloa ophiuroides,Eremochloa_ophiuroides_ott843929,Plants,n,811.74,9,623.6,NA,123,0.225,https://www.cabi.org/isc/datasheet/21819,,,,,
Stapley et al (2017),Fukuda,2016,Eriobotrya japonica,Eriobotrya_japonica_ott207983,Plants,n,762.84,17,1036,NA,124,3.5,WP,typical height,,,,
Stapley et al (2017),Cui,2015,Eriocheir sinensis,Eriocheir_sinensis_ott566723,Animals,n,1680,73,5125.53,gonochorous,125,0.055,WP,,10358,SNP,,
Stapley et al (2017),RONDEAU,2014,Esox lucius,Esox_lucius_ott739941,Animals,n,1095.36,25,1289.3,gonochorous,126,0.485,https://animaldiversity.org/accounts/Esox_lucius/,,301,MS,,
Stapley et al (2017),Agrama,2002,Eucalyptus camaldulensis,Eucalyptus_camaldulensis_ott505234,Plants,n,606.36,11,1236,NA,127,20,WP,,,,,
Stapley et al (2017),Hudson,2012,Eucalyptus grandis,Eucalyptus_grandis_ott40959,Plants,n,591.5922,11,1107,NA,128,50,WP,,,,,
Stapley et al (2017),Li,2015,Eucalyptus tereticornis,Eucalyptus_tereticornis_ott173799,Plants,n,586.8,11,1241.4,NA,129,35,WP,,,,,
Stapley et al (2017),Li,2015,Eucalyptus urophylla,Eucalyptus_urophylla_ott1049231,Plants,n,595.602,11,1208.5,NA,130,35,WP,,,,,
Stapley et al (2017),Li,2014,Eucommia ulmoides,Eucommia_ulmoides_ott743836,Plants,n,723.72,17,2133,NA,131,0.15,WP,,,,,
Stapley et al (2017),Yabe,2014,Fagopyrum esculentum,Fagopyrum_esculentum_ott904381,Plants,n,1359.4,8,1574.3,NA,132,0.0381,https://www.illinoiswildflowers.info/weeds/plants/cm_buckwheat.htm,,,,,
Stapley et al (2017),Li,2016,Felis silvestris,Felis_silvestris_ott563163,Animals,n,2894.88,19,4464,gonochorous,133,0.62865,WP,,58055,SNP,,
Stapley et al (2017),Wang,2012,Fenneropenaeus chinensis,Festuca_arundinacea_ott105576,Animals,n,1660,44,1895.795,gonochorous,134,0.1685,http://www.fao.org/fishery/species/2586/en,,245.5,SSR;AFLP;RAPD,,
Stapley et al (2017),Dierking,2015,Festuca arundinacea,Festuca_rubra_ott202297,Plants,n,4185.84,21,1417.5,NA,135,1.2,WP,,,,,
Stapley et al (2017),Backstrom,2008,Ficedula albicollis,Ficedula_albicollis_ott107840,Animals,n,1118.34,30,1787,gonochorous,136,0.1275,WP,,211,gene;MS,,
Stapley et al (2017),Mahoney,2016,Fragaria iinumae,Fragaria_iinumae_ott555467,Plants,n,199.628,7,451.7,NA,137,0.3,https://pfaf.org/user/Plant.aspx?LatinName=Fragaria+iinumae,,,,,
Stapley et al (2017),Davik,2015,Fragaria vesca,Fragaria_vesca_ott852873,Plants,n,214.373,7,416.2,NA,138,0.1524,http://www.missouribotanicalgarden.org/PlantFinder/PlantFinderDetails.aspx?taxonid=286348,,,,,
Stapley et al (2017),Sargent,2016,Fragaria xananassa,Fusarium_circinatum_FSP_34_ott75556,Plants,n,697.762,28,1820,NA,139,0.375,https://www.gardenia.net/plant/fragaria-ananassa-albion,,,,,
Stapley et al (2017),DeVos,2007,Fusarium circinatum,Fusarium_graminearum_CS3005_ott5726284,Fungi,y,43.9486,11,2774.4,parthenogenic,140,,,,,,,
Stapley et al (2017),Lee,2008,Fusarium graminearum,Fusarium_verticillioides_7600_ott966934,Fungi,y,36.458,4,1140,parthenogenic,141,,,,,,,
Stapley et al (2017),Teunissen,2003,Fusarium oxysporum,Fusarium_oxysporum_f.sp._conglutinans_ott5481360,Fungi,n,61.3869,15,86,parthenogenic,142,,,,,,,
Stapley et al (2017),Jurgenson,2002,Fusarium verticillioides,Fusarium_verticillioides_ott966934,Fungi,y,41.8449,11,2188,parthenogenic,143,,,,,,,
Stapley et al (2017),Hubert,2010,Gadus morhua,Gadus_morhua_ott114170,Animals,n,909.54,23,1421.92,gonochorous,144,1,https://www.fishbase.se/summary/Gadus-morhua.html,,924,SNP,,
Stapley et al (2017),Pengelly,2016,Gallus gallus,Gallus_gallus_ott153563,Animals,n,1230.26,35,2762.2,gonochorous,145,0.62,http://cemanifarms.com/gallus-gallus/,,NA,NA,,
Stapley et al (2017),Rastas,2016,Gasterosteus aculeatus,Gasterosteus_aculeatus_ott401066,Animals,n,625.92,22,1980.74,gonochorous,146,0.051,https://www.fishbase.in/summary/2420,,19372,SNP,,
Stapley et al (2017),Nakatsuka,2012,Gentiana scabra,Gentiana_scabra_ott717875,Plants,n,5000,13,613.7,NA,147,0.3,https://pfaf.org/user/Plant.aspx?LatinName=Gentiana+scabra,,,,,
Stapley et al (2017),vanderVoort,1999,Globodera rostochiensis,Globodera_rostochiensis_ott232963,Animals,y,95.8763,9,431,gonochorous,148,0.0001025,http://download.ceris.purdue.edu/file/2334,,62,AFLP,,
Stapley et al (2017),Song,2016,Glycine max,Glycine_max_ott681762,Plants,n,1105.14,20,2445.8,NA,149,1,WP,,,,,
Stapley et al (2017),Shi,2016,Gossypium barbadense,Gossypium_barbadense_ott854476,Plants,n,2694.39,26,5115.6,NA,150,3,https://pfaf.org/user/Plant.aspx?LatinName=Gossypium%20barbadense,,,,,
Stapley et al (2017),Jia,2016,Gossypium hirsutum,Gossypium_hirsutum_ott854480,Plants,n,2347.2,26,4071.98,NA,151,2,https://pfaf.org/user/Plant.aspx?LatinName=Gossypium%20hirsutum,,,,,
Stapley et al (2017),Wang,2013,Gossypium raimondii,Gossypium_raimondii_ott79347,Plants,n,1101.228,13,2325,NA,152,2.5,https://www.intechopen.com/books/world-cotton-germplasm-resources/the-diploid-d-genome-cottons-gossypium-spp-of-the-new-world,,,,,
Stapley et al (2017),Hou,2013,Gossypium tomentosum,Gossypium_tomentosum_ott733231,Plants,n,2386.32,26,3320.8,NA,153,2.25,WP,,,,,
Stapley et al (2017),Ren,2016,Haliotis diversicolor,Haliotis_diversicolor_ott780542,Animals,n,1418.1,16,2190.1,NA,154,0.055,WP,,2200,SNP,,
Stapley et al (2017),Vervalle,2013,Haliotis midae,Haliotis_midae_ott780532,Animals,n,1398.54,18,1038,NA,155,0.16,WP,,186,MS;SNP,,
Stapley et al (2017),Henning,2017,Haplochromis chilotes,Haplochromis_chilotes_ott138490,Animals,n,1075.8,22,1225.68,NA,156,0.148,WP,,867,SNP,,
Stapley et al (2017),Henning,2014,Haplochromis sauvagei,Haplochromis_sauvagei_ott685068,Animals,n,1075.8,22,1130.63,NA,157,0.105,WP,,1687,RAD,,
Stapley et al (2017),Celik,2016,Helianthus annuus,Helianthus_annuus_ott515712,Plants,n,2376.54,17,2472,NA,158,1.9812,https://www.missouribotanicalgarden.org/PlantFinder/PlantFinderDetails.aspx?kempercode=a583,,,,,
Stapley et al (2017),Davey,2016,Heliconius melpomene,Heliconius_melpomene_ott896444,Animals,n,293.4,21,1364.23,gonochorous,159,0.037,WP,wingspan,919,SNP,,
Stapley et al (2017),Atibalentja,2005,Heterodera glycines,Heterodera_glycines_ott332065,Animals,y,81.908,9,539,gonochorous,160,0.0013,https://nematode.unl.edu/heteglyc.htm,,131,AFLP,,
Stapley et al (2017),Shearman,2015,Hevea brasiliensis,Hevea_brasiliensis_ott339361,Plants,n,2102.7,18,4160,NA,161,43,WP,,,,,
Stapley et al (2017),Chen,2011,Hibiscus cannabinus,Hibiscus_cannabinus_ott393745,Plants,n,1496.34,18,4924.8,NA,162,2.5,WP,,,,,
Stapley et al (2017),Shirasawa,2015,Hieracium mixtum,Hieracium_mixtum_ott711719,Plants,n,4058.7,18,1650,NA,163,0.375,WP,,,,,
Stapley et al (2017),Palaiokostas,2013,Hippoglossus hippoglossus,Hippoglossus_hippoglossus_ott408328,Animals,n,713.94,24,1514,gonochorous,164,2,,,5703,SNP,,
Stapley et al (2017),Zhou,2016,Hordeum vulgare,Hordeum_vulgare_ott657948,Plants,n,5418.1,7,927.07,NA,165,0.9144,https://plants.usda.gov/plantguide/pdf/ccpg_horde.pdf,,,,,
Stapley et al (2017),Henning,2015,Humulus lupulus,Humulus_lupulus_ott84020,Plants,n,2836.2,10,745.9,NA,166,10,WP,,,,,
Stapley et al (2017),Brelsford,2016,Hyla aborea,Hyla_arborea_ott677266,Animals,n,4649.69,12,1770.722,gonochorous,167,0.04191,http://www.joshsfrogs.com/european-green-tree-frog-hyla-arborea-captive-bred-cbp.html,,1534,GBS,,
Stapley et al (2017),Guo,2013,Hypophthalmichthys molitrix,Hypophthalmichthys_molitrix_ott35786,Animals,n,978,24,1561.1,gonochorous,168,0.18,https://www.fishbase.se/summary/274,,703,SSR,,
Stapley et al (2017),Bai,2016,Hyriopsis cumingii,Hyriopsis_cumingii_ott351029,Animals,n,3000,19,2713,NA,169,0.14,https://www.researchgate.net/figure/Cultivated-triangle-shell-mussel-Hyriopsis-cumingii-ready-for-freshwater-pearl-harvest_fig1_257761501,,4983,SNP;MS,,
Stapley et al (2017),Liu,2016,Ictalurus punctatus,Ictalurus_punctatus_ott701523,Animals,n,993.648,29,3240,gonochorous,170,0.57,https://www.fishbase.se/summary/Ictalurus-punctatus.html,,26238,SNP,,
Stapley et al (2017),Zhao,2013,Ipomoea batatas,Ipomoea_batatas_ott1071040,Plants,n,1833.75,90,8184.5,NA,171,0.2286,http://www.missouribotanicalgarden.org/PlantFinder/PlantFinderDetails.aspx?kempercode=a587,,,,,
Stapley et al (2017),Ullmann,2003,Ixodes scapularis,Ixodes_scapularis_ott621065,Animals,n,1765.38,15,616,gonochorous,172,0.003,https://animaldiversity.org/accounts/Ixodes_scapularis/,,127,RAPD;STAR;cDNA;MS,,
Stapley et al (2017),Wu,2015,Jatropha curcas,Jatropha_curcas_ott916001,Plants,n,420.54,11,1655.8,NA,173,6,WP,,,,,
Stapley et al (2017),Zhu,2015,Juglans regia,Juglans_regia_ott138717,Plants,n,606.36,16,2457.82,NA,174,30,WP,,,,,
Stapley et al (2017),Kanomori,2016,Kryptolebias marmoratus,Kryptolebias_marmoratus_ott229709,Animals,n,680.367,24,1248,NA,175,0.024,WP,,9904,RAD,,
Stapley et al (2017),Robinson,2014,Labeo rohita,Labeo_rohita_ott160616,Animals,n,1950,25,1373.8,NA,176,0.5,WP,,3193,SNP,,
Stapley et al (2017),Truco,2013,Lactuca sativa,Lactuca_sativa_ott515700,Plants,n,2591.7,9,2974,NA,177,0.9,https://pfaf.org/user/plant.aspx?LatinName=Lactuca+sativa,,,,,
Stapley et al (2017),Ao,2015,Larimichthys crocea,Larimichthys_crocea_ott679823,Animals,n,678.938,24,5451.3,NA,178,0.6,WP,,10150,SNP,,
Stapley et al (2017),Guan,2011,Larix kaempferi,Larix_kaempferi_ott154040,Plants,n,9291,12,546.5,NA,179,0.3,WP,,,,,
Stapley et al (2017),Wang,2017,Lates calcarifer,Lates_calcarifer_ott6362446,Animals,n,684.6,24,1412.9,hermaphrodite,180,1.5,https://www.fishbase.se/summary/Lates-calcarifer.html,,8274,GBS,,
Stapley et al (2017),Sudheesh,2016,Lens culinaris,Lens_culinaris_ott156245,Plants,n,4107.6,7,2429.61,NA,181,0.4,WP,,,,,
Stapley et al (2017),Wang,2010,Lepomis macrochirus,Lepomis_macrochirus_ott836783,Animals,n,987.78,24,1576.75,NA,182,0.191,https://www.fishbase.se/summary/3375,,219,AFLP,,
Stapley et al (2017),Hawthorne,2001,Leptinotarsa decemlineata,Leptinotarsa_decemlineata_ott185597,Animals,n,449.88,18,1032,gonochorous,183,0.01,WP,,182,AFLP,,
Stapley et al (2017),Cloutier,2012,Linum usitatissimum,Linum_usitatissimum_ott1000262,Plants,n,684.6,15,1151,NA,184,1.2,WP,,,,,
Stapley et al (2017),Yu,2015,Litopenaeus vannamei,Penaeus_vannamei_ott169168,Animals,n,2640,44,4271.43,gonochorous,185,0.23,WP,,6359,SNP,,
Stapley et al (2017),Guan,2014,Lolium multiflorum,Lolium_multiflorum_ott135777,Plants,n,2660.16,7,488.8,NA,186,0.9,http://ipm.ucanr.edu/PMG/WEEDS/ryegrasses.html,,,,,
Stapley et al (2017),Velmurugan,2016,Lolium perenne,Lolium_perenne_ott135774,Plants,n,2365.782,7,952.6,NA,187,0.9,http://ipm.ucanr.edu/PMG/WEEDS/ryegrasses.html,,,,,
Stapley et al (2017),Wang,2008,Lotus japonicus,Lotus_japonicus_ott1081728,Plants,n,469.44,6,508.5,NA,188,,,,,,,
Stapley et al (2017),Berdan,2014,Lucania goodei,Lucania_goodei_ott84261,Animals,n,1319.322,24,392,gonochorous,189,0.029,WP,,915,SNP,,
Stapley et al (2017),Berdan,2014,Lucania parva,Lucania_parva_ott839518,Animals,n,1391.694,23,605,gonochorous,190,0.037,https://www.fishbase.se/summary/3212,,766,SNP,,
Stapley et al (2017),Wu,2016,Luffa acutangula,Luffa_acutangula_ott565719,Plants,n,831.3,13,1436.12,NA,191,7.5,https://www.cabi.org/isc/datasheet/31692,,,,,
Stapley et al (2017),Vipin,2013,Lupinus albus,Lupinus_albus_ott1030424,Plants,n,586.8,25,2169,NA,192,1.2,https://ucanr.edu/sites/asi/db/covercrops.cfm?crop_id=23,,,,,
Stapley et al (2017),Yang,2013,Lupinus angustifolius,Lupinus_angustifolius_ott1030433,Plants,n,1153,20,1629.9,NA,193,0.135,http://www.luontoportti.com/suomi/en/kukkakasvit/narrow-leaved-lupine,,,,,
Stapley et al (2017),Rogers,2006,Macaca mulatta,Macaca_mulatta_ott689650,Animals,n,3290.97,22,2048,gonochorous,194,0.500380001,WP,,241,MS,,
Stapley et al (2017),Wang,2011,Macropus eugenii,Macropus_eugenii_ott539171,Animals,n,1153,7,1402.4,gonochorous,195,0.605,https://animaldiversity.org/accounts/Macropus_eugenii/,,148,MS,,
Stapley et al (2017),Zheng,2008,Magnaporthe grisea,Magnaporthe_grisea_ott258235,Fungi,y,42.711,7,1247,NA,196,,,,,,,
Stapley et al (2017),DiPierro,2016,Malus domestica,Malus_domestica_ott3902985,Plants,n,1874.77,17,1267,NA,197,9,https://pfaf.org/user/plant.aspx?LatinName=Malus+domestica,,,,,
Stapley et al (2017),Liu,2016,Malus sieversii,Malus_sieversii_ott321926,Plants,n,733.5,17,1299.67,NA,198,10,WP,,,,,
Stapley et al (2017),Clark,2014,Malus pumila,Malus_pumila_ott854961,Plants,n,753.06,17,1481.72,NA,199,7,https://pfaf.org/user/Plant.aspx?LatinName=Malus+pumila,,,,,
Stapley et al (2017),Luo,2016,Mangifera indica,Mangifera_foetida_ott422407,Plants,n,440.1,20,3148.28,NA,200,45,https://pfaf.org/user/Plant.aspx?LatinName=Mangifera+indica,,,,,
Stapley et al (2017),Alaba,2015,Manihot esculenta,Manihot_esculenta_ott339369,Plants,n,1222.5,18,2412,NA,201,2.4384,http://www.missouribotanicalgarden.org/PlantFinder/PlantFinderDetails.aspx?kempercode=d825,,,,,
Stapley et al (2017),Lu,2016,Marsupenaeus japonicus,Penaeus_japonicus_ott5787510,Animals,n,2767.74,43,3610.9,gonochorous,202,0.17,WP,,24444,SNP,,
Stapley et al (2017),Li,2014,Medicago sativa,Medicago_sativa_ott1086789,Plants,n,1276.29,32,2133,NA,203,1,WP,,,,,
Stapley et al (2017),Gorton,2012,Medicago truncatula,Medicago_truncatula_ott1060499,Plants,n,469.44,8,1215,NA,204,0.35,WP,,,,,
Stapley et al (2017),Anderson,2016,Melampsora lini,Melampsora_lini_ott809207,Fungi,y,170.172,18,5860,NA,205,,,,,,,
Stapley et al (2017),Aslam,2010,Meleagris gallopavo,Meleagris_gallopavo_ott446482,Animals,n,1431.14,32,2324,gonochorous,206,0.9906,WP,,570,SNP,,
Stapley et al (2017),Thomas,2012,Meloidogyne hapla,Meloidogyne_hapla_ott1043271,Animals,y,53.013,16,1294.1,parthenogenic,207,0.000875,http://nemaplex.ucdavis.edu/Ecology/EcophysiologyParms/GenusspecPageBodySizeParmsDDResult.aspx?Genspec=Meloidogyne%20hapla,,182,SNP;AFLP,,This newer  esitmate differs quite a bit from a previously published estimate: https://www.pnas.org/content/pnas/105/39/14802.full.pdf
Stapley et al (2017),Nietlisbach,2015,Melospiza melodia,Melospiza_melodia_ott265548,Animals,n,1398.54,40,1731,gonochorous,208,0.14478,WP,,160,MS,,
Stapley et al (2017),O'Quin,2013,Metriaclima zebra,Maylandia_zebra_ott677719,Animals,n,848.776495,22,1933,NA,209,0.113,WP,,834,SNP;MS,,
Stapley et al (2017),McGraw,2011,Microtus ochrogaster,Microtus_ochrogaster_ott927240,Animals,n,2287.34,28,1707,gonochorous,210,0.12192,WP,,406,SNP,,
Stapley et al (2017),Holeski,2014,Mimulus guttatus,Erythranthe_guttata_ott504496,Plants,n,450,14,1750,NA,211,0.45,WP,,,,,
Stapley et al (2017),Liu,2016,Miscanthus sinensis,Miscanthus_sinensis_ott764796,Plants,n,2591.7,19,1605.5,NA,212,1.2,https://www.gardenia.net/guide/landscaping-with-miscanthus-sinensis-japanese-silver-grass,,,,,
Stapley et al (2017),Morishima,2008,Misgurnus anguillicaudatus,Misgurnus_anguillicaudatus_ott312382,Animals,n,1594.14,25,723.35,gonochorous,213,0.15,https://www.fishbase.se/summary/3016,,160,MS;pheno,,
Stapley et al (2017),Samollow,2007,Monodelphis domestica,Monodelphis_domestica_ott122362,Animals,n,3598.44,9,715,gonochorous,214,0.14732,WP,,150,MS,,
Stapley et al (2017),Hipplyte,2010,Musa acuminata,Musa_acuminata_ott207474,Plants,n,472.231,11,1197,NA,215,4.8768,http://www.missouribotanicalgarden.org/PlantFinder/PlantFinderDetails.aspx?kempercode=a529,,,,,
Stapley et al (2017),Kema,2002,Mycosphaerella graminicola,Mycosphaerella_graminicola_ott5319573,Fungi,y,39.7,21,1216,NA,216,,,,,,,
Stapley et al (2017),Diao,2016,Nasonia giraulti,Nasonia_giraulti_ott729592,Animals,n,283.607,5,620,male.haploid,217,0.0022,https://www.ncbi.nlm.nih.gov/pmc/articles/PMC2916733/,,52,SNP,,
Stapley et al (2017),Zhang,2014,Nelumbo lutea,Nelumbo_lutea_ott532278,Plants,n,948.66,8,494.3,NA,218,2,WP,,,,,
Stapley et al (2017),Liu,2016,Nelumbo nucifera,Nelumbo_nucifera_ott532288,Plants,n,234.72,8,581.3,NA,219,2,https://www.atozflowers.com/flower/nelumbo/,,,,,
Stapley et al (2017),Zhang,2012,Nicotiana langsdorffii,Nicotiana_langsdorffii_ott733968,Plants,n,4254.3,9,1062,NA,220,1.5,WP,,,,,
Stapley et al (2017),Gong,2016,Nicotiana tabacum,Nicotiana_tabacum_ott222787,Plants,n,5066.04,24,2662.43,NA,221,2.5,WP,,,,,
Stapley et al (2017),Jairin,2013,Nilaparvata lugens,Nilaparvata_lugens_ott876508,Animals,n,1140.79,15,1093.3,gonochorous,222,0.004,https://www.irac-online.org/pests/nilaparvata-lugens/,,472,SSR;SNP;STS,,
Stapley et al (2017),Kirschner,2012,Nothobranchius furzeri,Nothobranchius_furzeri_ott513643,Animals,n,1242.52,19,1965,NA,223,0.065,WP,max length,,,,
Stapley et al (2017),Ipek,2016,Olea europaea,Olea_europaea_ott23729,Plants,n,1907.1,23,3049,NA,224,11.5,WP,,,,,
Stapley et al (2017),McClelland,2008,Oncorhynchus kisutch,Oncorhynchus_kisutch_ott739917,Animals,n,2767.74,30,358.55,gonochorous,225,0.71,https://www.fishbase.se/summary/245,,282,AFLP;MS;sex,,
Stapley et al (2017),Guyomard,2012,Oncorhynchus mykiss,Oncorhynchus_mykiss_ott5256670,Animals,n,2592.678,29,3600,gonochorous,226,0.6,http://fishbase.org/summary/Oncorhynchus-mykiss.html,,2226,MS;SNP,,
Stapley et al (2017),Larson,2016,Oncorhynchus nerka,Oncorhynchus_nerka_ott165375,Animals,n,2858.694,29,3186.5,NA,227,0.84,WP,,6322,GBS,,
Stapley et al (2017),McKinney,2016,Oncorhynchus tshawytscha,Oncorhynchus_tshawytscha_ott730762,Animals,n,2709.06,34,3119.7,gonochorous,228,0.7,https://www.fishbase.se/summary/Oncorhynchus-tshawytscha.html,,14620,SNP,,
Stapley et al (2017),Liu,2013,Oreochromis mossambicus,Oreochromis_mossambicus_ott288069,Animals,n,978,22,1067.6,NA,229,0.3556,WP,,401,MS,,
Stapley et al (2017),Kocher,1998,Oreochromis niloticus,Oreochromis_niloticus_ott288063,Animals,n,1058.196,22,704,gonochorous,230,0.17,https://www.fishbase.se/summary/Oreochromis-niloticus.html,,162,MS;AFLP,,
Stapley et al (2017),Sternstein,2015,Oryctolagus cuniculus,Oryctolagus_cuniculus_ott864596,Animals,n,3107.24571,22,1419,gonochorous,231,0.4191,WP,,189,MS,,
Stapley et al (2017),Luo,2016,Oryza rufipogon,Oryza_rufipogon_ott135756,Plants,n,449.88,12,1596.8,NA,232,2.75,https://www.cabi.org/isc/datasheet/37960,,,,,
Stapley et al (2017),DeLeon,2016,Oryza sativa,Oryza_sativa_ott709894,Plants,n,489,12,1650,NA,233,0.762,https://www.missouribotanicalgarden.org/PlantFinder/PlantFinderDetails.aspx?taxonid=265585&isprofile=0&,,,,,
Stapley et al (2017),Harrang,2015,Ostrea edulis,Ostrea_edulis_ott1033104,Animals,n,1144.26,10,536.4,NA,234,0.074,WP,,293,SNP;MS;AFLP,,
Stapley et al (2017),Johnston,2017,Ovis aries,Ovis_aries_ott70819,Animals,n,2941.824,27,3304,gonochorous,235,1.31064,WP,,39104,SNP,,
Stapley et al (2017),Poissant,2010,Ovis canadensis,Ovis_canadensis_ott123206,Animals,n,2590.55,27,3051,gonochorous,236,1.55448,WP,,240,MS,,
Stapley et al (2017),Liu,2012,Panicum virgatum,Panicum_virgatum_ott205619,Plants,n,1792.674,18,2085.2,NA,237,1.143,https://wimastergardener.org/article/switch-grass-panicum-virgatum/,,,,,
Stapley et al (2017),Winter,2010,Papilio glaucus,Papilio_glaucus_ott947948,Animals,n,430.32,28,1167,gonochorous,238,0.055,WP,juvenille length,281,AFLP,,
Stapley et al (2017),Rogers,2006,Papio hamadryas,Papio_hamadryas_ott115463,Animals,n,3457.23,20,2354,gonochorous,239,0.686,https://animaldiversity.org/accounts/Papio_hamadryas/,,284,MS,,
Stapley et al (2017),Song,2012,Paralichthys olivaceus,Paralichthys_olivaceus_ott883392,Animals,n,694.38,24,1695.15,gonochorous,240,1.03,WP,,72,MS,,
Stapley et al (2017),vanOers,2014,Parus major,Parus_major_ott515143,Animals,n,1476.78,32,1916.82,gonochorous,241,0.1325,WP,,6554,SNP,,
Stapley et al (2017),Wang,2017,Patinopecten yessoensis,Mizuhopecten_yessoensis_ott6370603,Animals,n,1437.66,19,1918.65,NA,242,0.22,https://www.hindawi.com/journals/scientifica/2016/8653621/,max length,7489,RAD,,
Stapley et al (2017),Baranski,2014,Penaeus monodon,Penaeus_monodon_ott212713,Animals,n,2170,44,3488.5,gonochorous,243,0.245,http://www.fao.org/tempref/FI/CDrom/aquaculture/I1129m/file/en/en_gianttigerprawn.htm,,3959,SNP,,
Stapley et al (2017),Punnuri,2016,Pennisetum glaucum,Pennisetum_schweinfurthii_ott1027230,Plants,n,2621.04,7,716.7,NA,244,1.8288,https://plants.usda.gov/plantguide/pdf/pg_pegl2.pdf,,,,,
Stapley et al (2017),Kenney-Hunt,2014,Peromyscus maniculatus,Peromyscus_maniculatus_ott377525,Animals,n,4264.08,24,1499,gonochorous,245,0.1705,https://animaldiversity.org/accounts/Peromyscus_maniculatus/,,240,gene;MS,,
Stapley et al (2017),Borrone,2009,Persea americana,Persea_americana_ott913249,Plants,n,909.54,12,1087.4,NA,246,13.716,http://www.missouribotanicalgarden.org/PlantFinder/PlantFinderDetails.aspx?taxonid=281661,,,,,
Stapley et al (2017),Bossolini,2011,Petunia axillaris,Petunia_axillaris_ott232467,Plants,n,1369.2,7,970,NA,247,0.3048,https://www.missouribotanicalgarden.org/PlantFinder/PlantFinderDetails.aspx?kempercode=a601,,,,,
Stapley et al (2017),Malkus,2009,Phaeosphaeria nodorum,Phaeosphaeria_nodorum_ott5346507,Fungi,y,37.1,17,1932.1,NA,248,,,,,,,
Stapley et al (2017),Gutierrez,2011,Phalloceros caudimaculatus,Phalloceros_caudimaculatus_ott808637,Animals,n,700,24,1477,NA,249,0.04625,https://www.seriouslyfish.com/species/phalloceros-caudimaculatus/,,94,RAPD,,
Stapley et al (2017),Song,2015,Phaseolus vulgaris,Phaseolus_vulgaris_ott825707,Plants,n,586.8,11,1042.2,NA,250,2,http://climbers.lsa.umich.edu/?p=3219,,,,,
Stapley et al (2017),Mathew,2014,Phoenix dactylifera,Phoenix_dactylifera_ott789008,Plants,n,929.1,18,1293,NA,251,30,http://www.worldagroforestry.org/treedb/AFTPDFS/Phoenix_dactylifera.PDF,,,,,
Stapley et al (2017),Kamisugi,2008,Physcomitrella patens,Physcomitrella_patens_ott821359,Plants,n,477.948,27,4410,NA,252,0.0035,https://www.ohio.edu/plantbio/vislab/moss/Frankel.html,,,,,
Stapley et al (2017),vanderLee,2004,Phytophthora infestans,Phytophthora_infestans_ott775725,SAR,y,240,9,1091,NA,253,,,,,,,
Stapley et al (2017),Lind,2014,Picea abies,Picea_abies_ott517943,Plants,n,18190.8,12,1889.2,NA,254,45,WP,,,,,
Stapley et al (2017),Friesline,2015,Pinus balfouriana,Pinus_balfouriana_ott1044480,Plants,n,29281.32,12,1572.8,NA,255,15,WP,,,,,
Stapley et al (2017),Yang,2013,Pinus elliottii,Pinus_elliottii_ott245809,Plants,n,22787.4,12,1036.3,NA,256,24,WP,,,,,
Stapley et al (2017),Chen,2010,Pinus koraiensis,Pinus_koraiensis_ott830806,Plants,n,27579.6,12,857.46,NA,257,30,WP,,,,,
Stapley et al (2017),Jermstad,2011,Pinus lambertiana,Pinus_lambertiana_ott568626,Plants,n,27602.7,12,1231,NA,258,50,WP,,,,,
Stapley et al (2017),Chen,2014,Pinus massoniana,Pinus_massoniana_ott714296,Plants,n,25134.6,12,1956,NA,259,35,WP,,,,,
Stapley et al (2017),Chancerel,2013,Pinus pinaster,Pinus_pinaster_ott837883,Plants,n,23814.3,12,1708,NA,260,27.5,WP,,,,,
Stapley et al (2017),Moraga-Suazo,2014,Pinus radiata,Pinus_radiata_ott568644,Plants,n,21936.54,12,1060,NA,261,30,WP,,,,,
Stapley et al (2017),Westbrook,2015,Pinus taeda,Pinus_taeda_ott1075736,Plants,n,21516,12,2305,NA,262,32.5,WP,,,,,
Stapley et al (2017),Boutet,2016,Pisum sativum,Pinus_thunbergii_ott1075728,Plants,n,4772.64,7,1255,NA,263,2,https://pfaf.org/user/plant.aspx?LatinName=Pisum+sativum,,,,,
Stapley et al (2017),Martinello,2005,Plasmodium chabaudi,Plasmodium_chabaudi_ott724404,SAR,y,18.8678,14,1676,NA,264,,,,,,,
Stapley et al (2017),Jiang,2011,Plasmodium falciparum,Plasmodium_falciparum_ott201128,SAR,y,23.2703,14,2514,NA,265,,,,,,,
Stapley et al (2017),Tripathi,2009,Poecilia reticulata,Poecilia_reticulata_ott312452,Animals,n,865.53,23,899,gonochorous,266,0.028,https://www.fishbase.se/summary/3228,,790,SNP,,
Stapley et al (2017),Sirvio,2011,Pogonomyrmex rugosus,Pogonomyrmex_rugosus_ott1042743,Animals,n,255,16,2823,male.haploid,267,0.010625,https://www.antstore.net/shop/en/ants/Ants-from-America/Pogonomyrmex-rugosus.html,,215,AFLP,,
Stapley et al (2017),Wang,2010,Populus adenopoda,Populus_adenopoda_ott5763644,Plants,n,508.56,19,2178.5,NA,268,30,WP,,,,,
Stapley et al (2017),Paolucci,2010,Populus alba,Populus_alba_ott1030862,Plants,n,508.56,19,3027.1,NA,269,21.5,WP,,,,,
Stapley et al (2017),Mousavi,2016,Populus deltoides,Populus_deltoides_ott8867,Plants,n,500,19,4067.16,NA,270,40,WP,,,,,
Stapley et al (2017),Gaudet,2008,Populus nigra,Populus_nigra_ott8848,Plants,n,514.0368,19,2278.5,NA,271,25,WP,,,,,
Stapley et al (2017),Pakull,2009,Populus tremula,Populus_tremula_ott839584,Plants,n,469.44,19,1542.35,NA,272,22.5,WP,,,,,
Stapley et al (2017),Liu,2012,Portunus trituberculatus,Portunus_trituberculatus_ott718120,Animals,n,2259.18,53,3519.45,gonochorous,273,0.131,https://www.sealifebase.ca/summary/Portunus-trituberculatus.html,,919,SSR:AFLP,,
Stapley et al (2017),Feng,2016,Primulina eburnea,Primulina_eburnea_ott5264953,Plants,n,1985.34,18,3774.7,NA,274,0.0015,https://phytokeys.pensoft.net/article/36717/,,,,,
Stapley et al (2017),Srinivasan,2002,Pristionchus pacificus,Pristionchus_pacificus_ott197875,Animals,n,133.114,6,338.6,NA,275,0.00007931,http://nemaplex.ucdavis.edu/Ecology/EcophysiologyParms/GenusPageBodySizeParmsDDResult.aspx?Genusmm=Pristionchus,width,133,BACs,,
Stapley et al (2017),Lalli,2008,Prunus armeniaca,Prunus_armeniaca_ott217632,Plants,n,293.4,8,522.69,NA,276,10,WP,,,,,
Stapley et al (2017),Wang,2015,Prunus avium,Prunus_avium_ott162547,Plants,n,342.3,8,849,NA,277,23.5,WP,,,,,
Stapley et al (2017),Tavassolian,2010,Prunus dulcis,Prunus_dulcis_ott731568,Plants,n,240,8,591.4,NA,278,7,WP,,,,,
Stapley et al (2017),Cao,2011,Prunus kansuensis,Prunus_kansuensis_ott1020749,Plants,n,293.4,8,616,NA,279,4.5,WP,,,,,
Stapley et al (2017),Zhang,2015,Prunus mume,Prunus_mume_ott426562,Plants,n,234.03,8,1550.62,NA,280,7,WP,,,,,
Stapley et al (2017),Nunez-Lillo,2015,Prunus persica,Prunus_persica_ott259054,Plants,n,273.84,8,389.2,NA,281,7,WP,,,,,
Stapley et al (2017),Arango_Isaza,2016,Pseudocercospora fijiensis,Pseudocercospora_eucalypticola_ott4073293,Fungi,y,74.1412,12,1416,NA,282,,,,,,,
Stapley et al (2017),Harel-Beja,2015,Punica granatum,Punica_granatum_ott646814,Plants,n,704.16,8,1141,NA,283,12.5,WP,,,,,
Stapley et al (2017),Wu,2014,Pyrus communis,Pyrus_communis_ott972654,Plants,n,537.9,17,2243.4,NA,284,13,https://pfaf.org/user/plant.aspx?LatinName=Pyrus+communis,,,,,
Stapley et al (2017),Bodenes,2016,Quercus ,Pyrus_ussuriensis_ott116277,Plants,n,909.5,12,742,NA,285,,,,,,,
Stapley et al (2017),Cano,2011,Rana temporaria,Rana_temporaria_ott14718,Animals,n,4169.21,13,1698.8,gonochorous,286,0.0775,https://animaldiversity.org/accounts/Rana_temporaria/,,107,MS,,
Stapley et al (2017),Mun,2015,Raphanus sativus,Raphanus_sativus_ott359073,Plants,n,978,9,1538,NA,287,0.152,WP,,,,,
Stapley et al (2017),Steen,1999,Rattus norvegicus,Rattus_norvegicus_ott271555,Animals,n,3286.08,22,1503,gonochorous,288,0.215,WP,,4736,SSLP,,
Stapley et al (2017),Schlipallus,2002,Rhyzopertha dominica,Rhyzopertha_dominica_ott633644,Animals,n,476,9,390.1,NA,289,0.00255,WP,,,,,
Stapley et al (2017),Rukam,2016,Ricinus communis,Ricinus_communis_ott339346,Plants,n,508.56,10,1551,NA,290,2.4384,http://www.missouribotanicalgarden.org/PlantFinder/PlantFinderDetails.aspx?kempercode=b459,,,,,
Stapley et al (2017),Ward,2013,Rubus idaeus,Rubus_idaeus_ott156929,Plants,n,311.982,7,462.7,NA,291,2,WP,,,,,
Stapley et al (2017),Bushakra,2012,Rubus occidentalis,Rubus_occidentalis_ott670811,Plants,n,293.4,7,309,NA,292,2.5,WP,,,,,
Stapley et al (2017),Nie,2017,Ruditapes philippinarum,Ruditapes_philippinarum_ott913666,Animals,n,1967,19,1926.98,NA,293,0.041,https://www.ciesm.org/atlas/Ruditapesphilippinarum.html,,9658,GBS,,
Stapley et al (2017),Zhang,2015,Saccharina japonica,Saccharina_japonica_ott246789,SAR,n,543.426,31,1782.75,NA,294,,,,,,,
Stapley et al (2017),Tsai,2016,Salmo salar,Salmo_salar_ott688328,Animals,n,3048.426,29,5961,gonochorous,295,0.38,https://www.fishbase.in/summary/Salmo-salar.html,,96000,SNP,,
Stapley et al (2017),Leitwein,2017,Salmo trutta,Salmo_trutta_ott688332,Animals,n,2875.32,40,1403,gonochorous,296,0.72,https://www.fishbase.in/summary/Salmo-trutta.html,,3977,RAD,,
Stapley et al (2017),Liu,2016,Salvia miltiorrhiza,Salvia_miltiorrhiza_ott847543,Plants,n,615,8,1516,NA,297,0.45,WP,,,,,
Stapley et al (2017),Criscione,2009,Schistosoma mansoni,Schistosoma_mansoni_ott191483,Animals,y,364.538,8,1134.84,gonochorous,298,0.000147,https://www.cdc.gov/dpdx/schistosomiasis/index.html,,243,MS,,
Stapley et al (2017),Hollenbeck,2015,Sciaenops ocellatus,Sciaenops_ocellatus_ott433079,Animals,n,381.42,24,1815.3,NA,299,1,https://www.fishbase.se/summary/1191,,486,MS,,
Stapley et al (2017),Shen,2014,Scleropages formosus,Scleropages_formosus_ott335717,Animals,n,777.359,22,2218.3,gonochorous,300,0.9,https://www.fishbase.se/summary/6357,,308,SSR,,
Stapley et al (2017),Wang,2015,Scophthalmus maximus,Scophthalmus_maximus_ott778695,Animals,n,841.08,22,2622.09,NA,301,0.5,https://www.fishbase.se/summary/Scophthalmus-maximus.html,,6647,SNP,,
Stapley et al (2017),Ma,2016,Scylla paramamosain,Scylla_paramamosain_ott1084541,Animals,n,1603.92,44,2746.4,gonochorous,302,0.2,https://www.sealifebase.org/summary/Scylla-paramamosain.html,,212,MS;AFLP,,
Stapley et al (2017),Milczarski,2015,Secale cereale,Secale_cereale_ott553015,Plants,n,8097.84,7,1593,NA,303,1.3716,https://plants.usda.gov/plantguide/pdf/pg_sece.pdf,,,,,
Stapley et al (2017),Aoki,2015,Seriola quinqueradiata,Seriola_quinqueradiata_ott186469,Animals,n,811.74,24,1128.595,NA,304,1.5,https://www.iucnredlist.org/details/20435860/0,,2081,SNP;cDNA,,
Stapley et al (2017),Zhang,2016,Sesamum indicum,Sesamum_indicum_ott504628,Plants,n,948.66,16,2981.28,NA,305,1.7,https://plants.usda.gov/plantguide/pdf/pg_seor4.pdf,,,,,
Stapley et al (2017),Fang,2016,Setaria italica,Setaria_italica_ott553005,Plants,n,518.34,9,1318.8,NA,306,,,,,,,
Stapley et al (2017),Bergero,2013,Silene latifolia,Silene_latifolia_ott609504,Plants,n,2640.6,12,671.1,NA,307,,,,,,,
Stapley et al (2017),Javidfar,2013,Sinapis alba,Sinapis_alba_ott359058,Plants,n,489,12,890.4,NA,308,,,,,,,
Stapley et al (2017),Viquez-Zamora,2014,Solanum lycopersicum,Solanum_lycopersicum_ott378964,Plants,n,823.786,12,1297.3,NA,309,,,,,,,
Stapley et al (2017),Fukuoka,2012,Solanum melongena,Solanum_melongena_ott494843,Plants,n,958.44,12,1285.5,NA,310,,,,,,,
Stapley et al (2017),vandenOever,2016,Solanum pennellii,Solanum_pennellii_ott1069768,Plants,n,926.426,12,789.7,NA,311,,,,,,,
Stapley et al (2017),Chen,2014,Solanum pimpinellifolium,Solanum_pimpinellifolium_ott797186,Plants,n,688.247,12,1567.5,NA,312,,,,,,,
Stapley et al (2017),Endelman,2016,Solanum tuberosum,Solanum_tuberosum_ott494835,Plants,n,860.64,12,883,NA,313,,,,,,,
Stapley et al (2017),Ji,2017,Sorghum bicolor,Sorghum_bicolor_ott552986,Plants,n,1188.27,10,2158,NA,314,,,,,,,
Stapley et al (2017),Palaiokostas,2016,Sparus aurata,Sparus_aurata_ott760723,Animals,n,929.1,24,3899,hermaphrodite,315,0.35,https://www.fishbase.in/summary/Sparus-aurata.html,,12085,SNP,,
Stapley et al (2017),Chan-Navarrete,2016,Spinacia oleracea,Spinacia_oleracea_ott317784,Plants,n,1007.3,6,433.6,NA,316,,,,,,,
Stapley et al (2017),Nemetschke,2010,Strongyloides ratti,Strongyloides_ratti_ott1040287,Animals,y,43.1502,3,90.2,parthenogenic,317,0.002,https://www.sanger.ac.uk/resources/downloads/helminths/strongyloides-ratti.html,,74,PCR,,
Stapley et al (2017),Tortereau,2012,Sus scrofa,Sus_scrofa_ott730013,Animals,n,2922.264,20,2012,gonochorous,318,1.46304,WP,,38599,SNP,,
Stapley et al (2017),Backstrom,2010,Taeniopygia guttata,Taeniopygia_guttata_ott708327,Animals,n,1222.5,35,1479,gonochorous,319,0.10414,WP,,1920,SNP,,
Stapley et al (2017),Kai,2005,Takifugu rubripes,Takifugu_rubripes_ott65341,Animals,n,391.2,22,1696.3,gonochorous,320,0.4,http://fishbase.org/summary/Takifugu-rubripes.html,,1220,MS,,
Stapley et al (2017),Arias,2016,Taraxacum koksaghyz,Taraxacum_kok_saghyz_ott843397,Plants,n,1420,8,894.1,NA,321,,,,,,,
Stapley et al (2017),Royaert,2016,Theobroma cacao,Theobroma_cacao_ott388185,Plants,n,420.5,10,852.8,NA,322,,,,,,,
Stapley et al (2017),Uchino,2016,Thunnus orientalis,Thunnus_orientalis_ott833202,Animals,n,800,24,1162.6,gonochorous,323,,,,470,MS,,
Stapley et al (2017),Foley,2011,Tigriopus californicus,Tigriopus_californicus_ott461524,Animals,n,244.5,12,401,gonochorous,324,0.003,https://www.algaebarn.com/blog/copepods/a-closer-look-at-the-harpacticoid-copepod-tigriopus-californicus/,,190,SNP,,
Stapley et al (2017),Lorenzen,2005,Tribolium castaneum,Tribolium_castaneum_ott148904,Animals,n,202.935,10,571,gonochorous,325,0.00335,https://bugguide.net/node/view/478936,,424,BACs;cDNA;genes,,
Stapley et al (2017),Yezerski,2003,Tribolium confusum,Tribolium_echinatum_ott677520,Animals,n,245,8,968,gonochorous,326,0.005,http://www.agri.huji.ac.il/mepests/pest/Tribolium_confusum/,,137,MS,,
Stapley et al (2017),Laurent,1998,Trichogramma brassicae,Trichogramma_brassicae_ott137951,Animals,y,246,5,1330,male.haploid,327,0.0033,https://tiptopbiocontrol.com/products/trichogramma-brassicae,,84,RAPD,,
Stapley et al (2017),Hirakawa,2016,Trifolium pratense,Trifolium_pratense_ott839027,Plants,n,528.12,7,2084,NA,328,0.5,WP,,,,,
Stapley et al (2017),Griffiths,2013,Trifolium repens,Trifolium_repens_ott116218,Plants,n,1095.36,16,1274,NA,329,0.1143,http://www.missouribotanicalgarden.org/PlantFinder/PlantFinderDetails.aspx?kempercode=m650,,,,,
Stapley et al (2017),Ghamkhar,2012,Trifolium subterraneum,Trifolium_subterraneum_ott539553,Plants,n,547.68,8,1701.7,NA,330,0.125,https://www.feedipedia.org/node/243,,,,,
Stapley et al (2017),Zhai,2016,Triticum aestivum,Triticum_aestivum_ott31926,Plants,n,16948.74,21,2875.3,NA,331,1,,,,,,
Stapley et al (2017),MacLeod,2005,Trypanosoma brucei,Trypanosoma_brucei_ott494245,SAR,y,22.1481,11,1157.5,NA,332,,,,,,,
Stapley et al (2017),Shan,2015,Undaria pinnatifida,Undaria_pinnatifida_ott616561,SAR,n,560,30,1816.28,NA,333,,,,,,,
Stapley et al (2017),McCallum,2016,Vaccinium corymbosum,Vaccinium_corymbosum_ott567253,Plants,n,655.26,12,1621,NA,334,2.75,WP,,,,,
Stapley et al (2017),Covarrubias-Pazaran,2016,Vaccinium macrocarpon,Vaccinium_macrocarpon_ott295602,Plants,n,414.622,12,1112,NA,335,0.875,WP,,,,,
Stapley et al (2017),Lepers-Andrzejewski,2012,Vanilla tahitensis,Vanilla_tahitensis_ott1064791,Plants,n,5603.94,13,1035.85,NA,336,19.05,WP,,,,,
Stapley et al (2017),Sirvio,2011,Vespula vulgaris,Vespula_vulgaris_ott52839,Wgen,n,219.8,25,2129,male.haploid,337,0.0145,WP,,,,,
Stapley et al (2017),Kaur,2014,Vicia faba,Vicia_faba_ott539544,Plants,n,17622.582,6,1216.8,NA,338,1.15,WP,,,,,
Stapley et al (2017),Liu,2016,Vigna angularis,Vigna_angularis_ott1065959,Plants,n,537.9,11,1628.15,NA,339,0.6,https://pfaf.org/user/Plant.aspx?LatinName=Vigna+angularis,,,,,
Stapley et al (2017),Gupta,2008,Vigna mungo,Vigna_mungo_ott1065954,Plants,n,537.9,11,865.1,NA,340,1,https://pfaf.org/user/Plant.aspx?LatinName=Vigna+mungo,,,,,
Stapley et al (2017),Wang,2016,Vigna radiata,Vigna_radiata_ott806245,Plants,n,894.87,11,732.9,NA,341,0.9144,https://homeguides.sfgate.com/mung-bean-plant-looks-like-59273.html,,,,,
Stapley et al (2017),Kongjaimun,2012,Vigna unguiculata,Vigna_unguiculata_ott1065941,Plants,n,586.8,11,852.4,NA,342,0.762,https://plants.usda.gov/plantguide/pdf/pg_viun.pdf,,,,,
Stapley et al (2017),Marubodee,2015,Vigna vexillata,Vigna_vexillata_ott581960,Plants,n,567.24,11,973.9,NA,343,4,http://tropical.theferns.info/viewtropical.php?id=Vigna+vexillata,,,,,
Stapley et al (2017),Liu,2013,Vitis amurensis,Vitis_amurensis_ott805071,Plants,n,489,19,1123,NA,344,15,https://pfaf.org/user/Plant.aspx?LatinName=Vitis+amurensis,,,,,
Stapley et al (2017),Zhang,2009,Vitis cinerea,Vitis_cinerea_ott314458,Plants,n,489,19,1155.98,NA,345,10,https://pfaf.org/user/Plant.aspx?LatinName=Vitis+cinerea,,,,,
Stapley et al (2017),Guo,2015,Vitis vinifera,Vitis_vinifera_ott756728,Plants,n,446.946,19,1929.13,NA,346,1.8288,https://www.missouribotanicalgarden.org/PlantFinder/PlantFinderDetails.aspx?taxonid=287551&isprofile=0&,,,,,
Stapley et al (2017),Wells,2011,Xenopus tropicalis,Xenopus_tropicalis_ott940184,Animals,n,1440.4,10,1668,gonochorous,347,0.0415,https://en.wikipedia.org/wiki/Western_clawed_frog,,2886,SSLP,,
Stapley et al (2017),Amores,2014,Xiphophorus maculatus,Xiphophorus_maculatus_ott416852,Animals,n,885.09,24,1328.3,gonochorous,348,0.023,http://www.fishbase.org/summary/Xiphophorus-maculatus.html,,16114,RAD,,
Stapley et al (2017),Zhou,2016,Zea mays,Zea_mays_ott605194,Plants,n,2669.9,10,1545.65,NA,349,3,WP,,,,,
Stapley et al (2017),Zhang,2016,Ziziphus jujuba,Ziziphus_jujuba_ott73483,Plants,n,437.754,12,1456.53,NA,350,13.716,http://www.missouribotanicalgarden.org/PlantFinder/PlantFinderDetails.aspx?kempercode=d475,,,,,
Stapley et al (2017),Wang,2015,Zoysia japonica,Zoysia_japonica_ott586007,Plants,n,420.54,20,1337.2,NA,351,0.2,https://pfaf.org/user/Plant.aspx?LatinName=Zoysia+japonica,,,,,
Stapley et al (2017),Huang,2016,Zoysia matrella,Zoysia_matrella_ott205630,Plants,n,563.439,20,1824.95,NA,352,0.06,WP,,,,,
Stapley et al (2017),Lendenmann,2014,Zymoseptoria tritici,Zymoseptoria_tritici_ott906425,Fungi,y,39.6863,21,4255.4,NA,353,,,,,,,